Year,Lower working (%),Higher working (%),Intermediate (%),Lower professional (%),Higher professional (%)
2022,19.74937337,13.57511334,19.88044824,26.73343686,20.06162818
2021,19.17406821,13.2738693,21.73078704,26.07336087,19.74791457
2020,16.3745138,16.94420759,21.52021116,26.81627566,18.3447918
2019,18.28338772,17.3079789,21.74955206,26.07863386,16.58044746
2018,18.67898456,18.02444439,21.68859629,25.6505154,15.95745936
2017,18.65873517,18.69440475,21.92137801,25.24563315,15.47984893
2016,19.09435479,19.21238203,21.84992165,24.33409416,15.50924736
2015,20.82303654,19.05878915,21.42592439,24.08954129,14.60270863
2014,21.28816185,18.87692402,21.17714892,24.60135665,14.05640856
