Ethnicity,Lower working (%),Higher professional (%)
Bangladeshi,75.37878484,89.97266685
Chinese,64.04180699,83.92223046
Indian,85.46941216,94.51725477
Pakistani,71.55694374,88.05725596
Black African,84.20614655,93.9852379
Black Caribbean,89.91518092,96.31413342
Mixed,83.75885688,93.79448735
White British,87.603006,95.39390887
White other,88.07511062,95.5842741
Other,72.68318916,88.63392537
