Socio-economic background,Disabled (%),Not disabled (%)
Higher professional,81.29693521,92.17345332
Lower professional,72.03519936,92.87554971
Intermediate,68.44368624,91.45936165
Higher working,64.73442316,89.88872683
Lower working,52.19809837,85.1090016
