"measure_code","measure_title","chart_type","area_code","area_type","area_name","primary_split_type","primary_split_value","secondary_split_type","secondary_split_value","tertiary_split_type","tertiary_split_value","fourth_split_type","fourth_split_value","time_period","value","lci","uci","sample_size","unit","value_note","variable_used","weight_used","age_used","year_used"
"ci1","Conditions of Childhood","composite_index","NA","Local Authority","Aberdeen City","time_period","2000 to 2005","zscore_category","15-30%",NA,NA,NA,NA,"2000 to 2005","0.742","NA","NA",NA,"z-score",NA,NA,NA,NA,NA
"ci1","Conditions of Childhood","composite_index","NA","Local Authority","Aberdeenshire","time_period","2000 to 2005","zscore_category","15-30%",NA,NA,NA,NA,"2000 to 2005","0.712","NA","NA",NA,"z-score",NA,NA,NA,NA,NA
"ci1","Conditions of Childhood","composite_index","NA","Local Authority","Angus","time_period","2000 to 2005","zscore_category","30-70%",NA,NA,NA,NA,"2000 to 2005","-0.185","NA","NA",NA,"z-score",NA,NA,NA,NA,NA
"ci1","Conditions of Childhood","composite_index","NA","Local Authority","Argyll and Bute Islands","time_period","2000 to 2005","zscore_category","30-70%",NA,NA,NA,NA,"2000 to 2005","-0.132","NA","NA",NA,"z-score",NA,NA,NA,NA,NA
"ci1","Conditions of Childhood","composite_index","NA","Local Authority","Barking and Dagenham","time_period","2000 to 2005","zscore_category","85-95%",NA,NA,NA,NA,"2000 to 2005","-1.133","NA","NA",NA,"z-score",NA,NA,NA,NA,NA
"ci1","Conditions of Childhood","composite_index","NA","Local Authority","Barnet","time_period","2000 to 2005","zscore_category","Top 5%",NA,NA,NA,NA,"2000 to 2005","1.789","NA","NA",NA,"z-score",NA,NA,NA,NA,NA
"ci1","Conditions of Childhood","composite_index","NA","Local Authority","Barnsley","time_period","2000 to 2005","zscore_category","85-95%",NA,NA,NA,NA,"2000 to 2005","-1.361","NA","NA",NA,"z-score",NA,NA,NA,NA,NA
"ci1","Conditions of Childhood","composite_index","NA","Local Authority","Bath and North East Somerset","time_period","2000 to 2005","zscore_category","Top 5%",NA,NA,NA,NA,"2000 to 2005","1.598","NA","NA",NA,"z-score",NA,NA,NA,NA,NA
"ci1","Conditions of Childhood","composite_index","NA","Local Authority","Bedford","time_period","2000 to 2005","zscore_category","15-30%",NA,NA,NA,NA,"2000 to 2005","0.595","NA","NA",NA,"z-score",NA,NA,NA,NA,NA
"ci1","Conditions of Childhood","composite_index","NA","Local Authority","Bexley","time_period","2000 to 2005","zscore_category","30-70%",NA,NA,NA,NA,"2000 to 2005","0.175","NA","NA",NA,"z-score",NA,NA,NA,NA,NA
"ci1","Conditions of Childhood","composite_index","NA","Local Authority","Birmingham","time_period","2000 to 2005","zscore_category","70-85%",NA,NA,NA,NA,"2000 to 2005","-0.820","NA","NA",NA,"z-score",NA,NA,NA,NA,NA
"ci1","Conditions of Childhood","composite_index","NA","Local Authority","Blackburn with Darwen","time_period","2000 to 2005","zscore_category","85-95%",NA,NA,NA,NA,"2000 to 2005","-1.167","NA","NA",NA,"z-score",NA,NA,NA,NA,NA
"ci1","Conditions of Childhood","composite_index","NA","Local Authority","Blackpool","time_period","2000 to 2005","zscore_category","70-85%",NA,NA,NA,NA,"2000 to 2005","-0.852","NA","NA",NA,"z-score",NA,NA,NA,NA,NA
"ci1","Conditions of Childhood","composite_index","NA","Local Authority","Blaenau Gwent","time_period","2000 to 2005","zscore_category","Bottom 5%",NA,NA,NA,NA,"2000 to 2005","-1.961","NA","NA",NA,"z-score",NA,NA,NA,NA,NA
"ci1","Conditions of Childhood","composite_index","NA","Local Authority","Bolton","time_period","2000 to 2005","zscore_category","30-70%",NA,NA,NA,NA,"2000 to 2005","0.133","NA","NA",NA,"z-score",NA,NA,NA,NA,NA
"ci1","Conditions of Childhood","composite_index","NA","Local Authority","Bournemouth, Christchurch and Poole","time_period","2000 to 2005","zscore_category","30-70%",NA,NA,NA,NA,"2000 to 2005","-0.142","NA","NA",NA,"z-score",NA,NA,NA,NA,NA
"ci1","Conditions of Childhood","composite_index","NA","Local Authority","Bracknell Forest","time_period","2000 to 2005","zscore_category","5-15%",NA,NA,NA,NA,"2000 to 2005","1.368","NA","NA",NA,"z-score",NA,NA,NA,NA,NA
"ci1","Conditions of Childhood","composite_index","NA","Local Authority","Bradford","time_period","2000 to 2005","zscore_category","70-85%",NA,NA,NA,NA,"2000 to 2005","-0.777","NA","NA",NA,"z-score",NA,NA,NA,NA,NA
"ci1","Conditions of Childhood","composite_index","NA","Local Authority","Brent","time_period","2000 to 2005","zscore_category","30-70%",NA,NA,NA,NA,"2000 to 2005","0.044","NA","NA",NA,"z-score",NA,NA,NA,NA,NA
"ci1","Conditions of Childhood","composite_index","NA","Local Authority","Bridgend","time_period","2000 to 2005","zscore_category","70-85%",NA,NA,NA,NA,"2000 to 2005","-0.865","NA","NA",NA,"z-score",NA,NA,NA,NA,NA
"ci1","Conditions of Childhood","composite_index","NA","Local Authority","Brighton and Hove","time_period","2000 to 2005","zscore_category","Top 5%",NA,NA,NA,NA,"2000 to 2005","1.517","NA","NA",NA,"z-score",NA,NA,NA,NA,NA
"ci1","Conditions of Childhood","composite_index","NA","Local Authority","Bristol, City of","time_period","2000 to 2005","zscore_category","30-70%",NA,NA,NA,NA,"2000 to 2005","0.314","NA","NA",NA,"z-score",NA,NA,NA,NA,NA
"ci1","Conditions of Childhood","composite_index","NA","Local Authority","Bromley","time_period","2000 to 2005","zscore_category","5-15%",NA,NA,NA,NA,"2000 to 2005","1.478","NA","NA",NA,"z-score",NA,NA,NA,NA,NA
"ci1","Conditions of Childhood","composite_index","NA","Local Authority","Buckinghamshire","time_period","2000 to 2005","zscore_category","Top 5%",NA,NA,NA,NA,"2000 to 2005","1.999","NA","NA",NA,"z-score",NA,NA,NA,NA,NA
"ci1","Conditions of Childhood","composite_index","NA","Local Authority","Bury","time_period","2000 to 2005","zscore_category","30-70%",NA,NA,NA,NA,"2000 to 2005","0.037","NA","NA",NA,"z-score",NA,NA,NA,NA,NA
"ci1","Conditions of Childhood","composite_index","NA","Local Authority","Caerphilly","time_period","2000 to 2005","zscore_category","85-95%",NA,NA,NA,NA,"2000 to 2005","-1.059","NA","NA",NA,"z-score",NA,NA,NA,NA,NA
"ci1","Conditions of Childhood","composite_index","NA","Local Authority","Calderdale","time_period","2000 to 2005","zscore_category","30-70%",NA,NA,NA,NA,"2000 to 2005","-0.189","NA","NA",NA,"z-score",NA,NA,NA,NA,NA
"ci1","Conditions of Childhood","composite_index","NA","Local Authority","Cambridgeshire CC","time_period","2000 to 2005","zscore_category","5-15%",NA,NA,NA,NA,"2000 to 2005","1.122","NA","NA",NA,"z-score",NA,NA,NA,NA,NA
"ci1","Conditions of Childhood","composite_index","NA","Local Authority","Camden and City of London","time_period","2000 to 2005","zscore_category","5-15%",NA,NA,NA,NA,"2000 to 2005","1.453","NA","NA",NA,"z-score",NA,NA,NA,NA,NA
"ci1","Conditions of Childhood","composite_index","NA","Local Authority","Cardiff","time_period","2000 to 2005","zscore_category","15-30%",NA,NA,NA,NA,"2000 to 2005","0.598","NA","NA",NA,"z-score",NA,NA,NA,NA,NA
"ci1","Conditions of Childhood","composite_index","NA","Local Authority","Carmarthenshire","time_period","2000 to 2005","zscore_category","30-70%",NA,NA,NA,NA,"2000 to 2005","-0.282","NA","NA",NA,"z-score",NA,NA,NA,NA,NA
"ci1","Conditions of Childhood","composite_index","NA","Local Authority","Central Bedfordshire","time_period","2000 to 2005","zscore_category","15-30%",NA,NA,NA,NA,"2000 to 2005","0.718","NA","NA",NA,"z-score",NA,NA,NA,NA,NA
"ci1","Conditions of Childhood","composite_index","NA","Local Authority","Ceredigion","time_period","2000 to 2005","zscore_category","30-70%",NA,NA,NA,NA,"2000 to 2005","-0.388","NA","NA",NA,"z-score",NA,NA,NA,NA,NA
"ci1","Conditions of Childhood","composite_index","NA","Local Authority","Cheshire East","time_period","2000 to 2005","zscore_category","5-15%",NA,NA,NA,NA,"2000 to 2005","1.128","NA","NA",NA,"z-score",NA,NA,NA,NA,NA
"ci1","Conditions of Childhood","composite_index","NA","Local Authority","Cheshire West and Chester","time_period","2000 to 2005","zscore_category","15-30%",NA,NA,NA,NA,"2000 to 2005","0.587","NA","NA",NA,"z-score",NA,NA,NA,NA,NA
"ci1","Conditions of Childhood","composite_index","NA","Local Authority","City of Edinburgh","time_period","2000 to 2005","zscore_category","Top 5%",NA,NA,NA,NA,"2000 to 2005","1.687","NA","NA",NA,"z-score",NA,NA,NA,NA,NA
"ci1","Conditions of Childhood","composite_index","NA","Local Authority","Clackmannanshire","time_period","2000 to 2005","zscore_category","30-70%",NA,NA,NA,NA,"2000 to 2005","-0.131","NA","NA",NA,"z-score",NA,NA,NA,NA,NA
"ci1","Conditions of Childhood","composite_index","NA","Local Authority","Conwy","time_period","2000 to 2005","zscore_category","30-70%",NA,NA,NA,NA,"2000 to 2005","-0.292","NA","NA",NA,"z-score",NA,NA,NA,NA,NA
"ci1","Conditions of Childhood","composite_index","NA","Local Authority","Cornwall and Isles of Scilly","time_period","2000 to 2005","zscore_category","70-85%",NA,NA,NA,NA,"2000 to 2005","-0.568","NA","NA",NA,"z-score",NA,NA,NA,NA,NA
"ci1","Conditions of Childhood","composite_index","NA","Local Authority","Coventry","time_period","2000 to 2005","zscore_category","30-70%",NA,NA,NA,NA,"2000 to 2005","-0.282","NA","NA",NA,"z-score",NA,NA,NA,NA,NA
"ci1","Conditions of Childhood","composite_index","NA","Local Authority","Croydon","time_period","2000 to 2005","zscore_category","15-30%",NA,NA,NA,NA,"2000 to 2005","0.616","NA","NA",NA,"z-score",NA,NA,NA,NA,NA
"ci1","Conditions of Childhood","composite_index","NA","Local Authority","Cumbria","time_period","2000 to 2005","zscore_category","70-85%",NA,NA,NA,NA,"2000 to 2005","-0.626","NA","NA",NA,"z-score",NA,NA,NA,NA,NA
"ci1","Conditions of Childhood","composite_index","NA","Local Authority","Darlington","time_period","2000 to 2005","zscore_category","70-85%",NA,NA,NA,NA,"2000 to 2005","-0.637","NA","NA",NA,"z-score",NA,NA,NA,NA,NA
"ci1","Conditions of Childhood","composite_index","NA","Local Authority","Denbighshire","time_period","2000 to 2005","zscore_category","30-70%",NA,NA,NA,NA,"2000 to 2005","-0.297","NA","NA",NA,"z-score",NA,NA,NA,NA,NA
"ci1","Conditions of Childhood","composite_index","NA","Local Authority","Derby","time_period","2000 to 2005","zscore_category","70-85%",NA,NA,NA,NA,"2000 to 2005","-0.559","NA","NA",NA,"z-score",NA,NA,NA,NA,NA
"ci1","Conditions of Childhood","composite_index","NA","Local Authority","Derbyshire","time_period","2000 to 2005","zscore_category","30-70%",NA,NA,NA,NA,"2000 to 2005","-0.490","NA","NA",NA,"z-score",NA,NA,NA,NA,NA
"ci1","Conditions of Childhood","composite_index","NA","Local Authority","Devon CC","time_period","2000 to 2005","zscore_category","30-70%",NA,NA,NA,NA,"2000 to 2005","-0.005","NA","NA",NA,"z-score",NA,NA,NA,NA,NA
"ci1","Conditions of Childhood","composite_index","NA","Local Authority","Doncaster","time_period","2000 to 2005","zscore_category","85-95%",NA,NA,NA,NA,"2000 to 2005","-1.368","NA","NA",NA,"z-score",NA,NA,NA,NA,NA
"ci1","Conditions of Childhood","composite_index","NA","Local Authority","Dorset","time_period","2000 to 2005","zscore_category","30-70%",NA,NA,NA,NA,"2000 to 2005","0.251","NA","NA",NA,"z-score",NA,NA,NA,NA,NA
"ci1","Conditions of Childhood","composite_index","NA","Local Authority","Dudley","time_period","2000 to 2005","zscore_category","70-85%",NA,NA,NA,NA,"2000 to 2005","-0.500","NA","NA",NA,"z-score",NA,NA,NA,NA,NA
"ci1","Conditions of Childhood","composite_index","NA","Local Authority","Dumfries and Galloway","time_period","2000 to 2005","zscore_category","70-85%",NA,NA,NA,NA,"2000 to 2005","-0.506","NA","NA",NA,"z-score",NA,NA,NA,NA,NA
"ci1","Conditions of Childhood","composite_index","NA","Local Authority","Dundee City","time_period","2000 to 2005","zscore_category","70-85%",NA,NA,NA,NA,"2000 to 2005","-0.623","NA","NA",NA,"z-score",NA,NA,NA,NA,NA
"ci1","Conditions of Childhood","composite_index","NA","Local Authority","Durham","time_period","2000 to 2005","zscore_category","70-85%",NA,NA,NA,NA,"2000 to 2005","-0.917","NA","NA",NA,"z-score",NA,NA,NA,NA,NA
"ci1","Conditions of Childhood","composite_index","NA","Local Authority","Ealing","time_period","2000 to 2005","zscore_category","5-15%",NA,NA,NA,NA,"2000 to 2005","1.176","NA","NA",NA,"z-score",NA,NA,NA,NA,NA
"ci1","Conditions of Childhood","composite_index","NA","Local Authority","East Ayrshire","time_period","2000 to 2005","zscore_category","85-95%",NA,NA,NA,NA,"2000 to 2005","-1.141","NA","NA",NA,"z-score",NA,NA,NA,NA,NA
"ci1","Conditions of Childhood","composite_index","NA","Local Authority","East Dunbartonshire","time_period","2000 to 2005","zscore_category","Top 5%",NA,NA,NA,NA,"2000 to 2005","1.659","NA","NA",NA,"z-score",NA,NA,NA,NA,NA
"ci1","Conditions of Childhood","composite_index","NA","Local Authority","East Lothian","time_period","2000 to 2005","zscore_category","30-70%",NA,NA,NA,NA,"2000 to 2005","0.160","NA","NA",NA,"z-score",NA,NA,NA,NA,NA
"ci1","Conditions of Childhood","composite_index","NA","Local Authority","East Renfrewshire","time_period","2000 to 2005","zscore_category","Top 5%",NA,NA,NA,NA,"2000 to 2005","2.288","NA","NA",NA,"z-score",NA,NA,NA,NA,NA
"ci1","Conditions of Childhood","composite_index","NA","Local Authority","East Riding of Yorkshire","time_period","2000 to 2005","zscore_category","30-70%",NA,NA,NA,NA,"2000 to 2005","0.191","NA","NA",NA,"z-score",NA,NA,NA,NA,NA
"ci1","Conditions of Childhood","composite_index","NA","Local Authority","East Sussex CC","time_period","2000 to 2005","zscore_category","15-30%",NA,NA,NA,NA,"2000 to 2005","0.539","NA","NA",NA,"z-score",NA,NA,NA,NA,NA
"ci1","Conditions of Childhood","composite_index","NA","Local Authority","Enfield","time_period","2000 to 2005","zscore_category","30-70%",NA,NA,NA,NA,"2000 to 2005","0.431","NA","NA",NA,"z-score",NA,NA,NA,NA,NA
"ci1","Conditions of Childhood","composite_index","NA","Local Authority","Essex","time_period","2000 to 2005","zscore_category","30-70%",NA,NA,NA,NA,"2000 to 2005","0.422","NA","NA",NA,"z-score",NA,NA,NA,NA,NA
"ci1","Conditions of Childhood","composite_index","NA","Local Authority","Falkirk","time_period","2000 to 2005","zscore_category","30-70%",NA,NA,NA,NA,"2000 to 2005","-0.320","NA","NA",NA,"z-score",NA,NA,NA,NA,NA
"ci1","Conditions of Childhood","composite_index","NA","Local Authority","Fife","time_period","2000 to 2005","zscore_category","30-70%",NA,NA,NA,NA,"2000 to 2005","-0.491","NA","NA",NA,"z-score",NA,NA,NA,NA,NA
"ci1","Conditions of Childhood","composite_index","NA","Local Authority","Flintshire","time_period","2000 to 2005","zscore_category","30-70%",NA,NA,NA,NA,"2000 to 2005","-0.349","NA","NA",NA,"z-score",NA,NA,NA,NA,NA
"ci1","Conditions of Childhood","composite_index","NA","Local Authority","Gateshead","time_period","2000 to 2005","zscore_category","70-85%",NA,NA,NA,NA,"2000 to 2005","-0.806","NA","NA",NA,"z-score",NA,NA,NA,NA,NA
"ci1","Conditions of Childhood","composite_index","NA","Local Authority","Glasgow City","time_period","2000 to 2005","zscore_category","70-85%",NA,NA,NA,NA,"2000 to 2005","-0.821","NA","NA",NA,"z-score",NA,NA,NA,NA,NA
"ci1","Conditions of Childhood","composite_index","NA","Local Authority","Gloucestershire CC","time_period","2000 to 2005","zscore_category","15-30%",NA,NA,NA,NA,"2000 to 2005","0.615","NA","NA",NA,"z-score",NA,NA,NA,NA,NA
"ci1","Conditions of Childhood","composite_index","NA","Local Authority","Greenwich","time_period","2000 to 2005","zscore_category","30-70%",NA,NA,NA,NA,"2000 to 2005","0.221","NA","NA",NA,"z-score",NA,NA,NA,NA,NA
"ci1","Conditions of Childhood","composite_index","NA","Local Authority","Gwynedd","time_period","2000 to 2005","zscore_category","30-70%",NA,NA,NA,NA,"2000 to 2005","-0.489","NA","NA",NA,"z-score",NA,NA,NA,NA,NA
"ci1","Conditions of Childhood","composite_index","NA","Local Authority","Hackney","time_period","2000 to 2005","zscore_category","70-85%",NA,NA,NA,NA,"2000 to 2005","-0.679","NA","NA",NA,"z-score",NA,NA,NA,NA,NA
"ci1","Conditions of Childhood","composite_index","NA","Local Authority","Halton","time_period","2000 to 2005","zscore_category","70-85%",NA,NA,NA,NA,"2000 to 2005","-0.801","NA","NA",NA,"z-score",NA,NA,NA,NA,NA
"ci1","Conditions of Childhood","composite_index","NA","Local Authority","Hammersmith and Fulham","time_period","2000 to 2005","zscore_category","Top 5%",NA,NA,NA,NA,"2000 to 2005","1.625","NA","NA",NA,"z-score",NA,NA,NA,NA,NA
"ci1","Conditions of Childhood","composite_index","NA","Local Authority","Hampshire","time_period","2000 to 2005","zscore_category","15-30%",NA,NA,NA,NA,"2000 to 2005","0.823","NA","NA",NA,"z-score",NA,NA,NA,NA,NA
"ci1","Conditions of Childhood","composite_index","NA","Local Authority","Haringey","time_period","2000 to 2005","zscore_category","30-70%",NA,NA,NA,NA,"2000 to 2005","0.403","NA","NA",NA,"z-score",NA,NA,NA,NA,NA
"ci1","Conditions of Childhood","composite_index","NA","Local Authority","Harrow","time_period","2000 to 2005","zscore_category","Top 5%",NA,NA,NA,NA,"2000 to 2005","1.610","NA","NA",NA,"z-score",NA,NA,NA,NA,NA
"ci1","Conditions of Childhood","composite_index","NA","Local Authority","Hartlepool","time_period","2000 to 2005","zscore_category","85-95%",NA,NA,NA,NA,"2000 to 2005","-1.187","NA","NA",NA,"z-score",NA,NA,NA,NA,NA
"ci1","Conditions of Childhood","composite_index","NA","Local Authority","Havering","time_period","2000 to 2005","zscore_category","30-70%",NA,NA,NA,NA,"2000 to 2005","0.238","NA","NA",NA,"z-score",NA,NA,NA,NA,NA
"ci1","Conditions of Childhood","composite_index","NA","Local Authority","Herefordshire, County of","time_period","2000 to 2005","zscore_category","30-70%",NA,NA,NA,NA,"2000 to 2005","-0.252","NA","NA",NA,"z-score",NA,NA,NA,NA,NA
"ci1","Conditions of Childhood","composite_index","NA","Local Authority","Hertfordshire CC","time_period","2000 to 2005","zscore_category","Top 5%",NA,NA,NA,NA,"2000 to 2005","1.579","NA","NA",NA,"z-score",NA,NA,NA,NA,NA
"ci1","Conditions of Childhood","composite_index","NA","Local Authority","Highland","time_period","2000 to 2005","zscore_category","30-70%",NA,NA,NA,NA,"2000 to 2005","-0.417","NA","NA",NA,"z-score",NA,NA,NA,NA,NA
"ci1","Conditions of Childhood","composite_index","NA","Local Authority","Hillingdon","time_period","2000 to 2005","zscore_category","30-70%",NA,NA,NA,NA,"2000 to 2005","0.339","NA","NA",NA,"z-score",NA,NA,NA,NA,NA
"ci1","Conditions of Childhood","composite_index","NA","Local Authority","Hounslow","time_period","2000 to 2005","zscore_category","15-30%",NA,NA,NA,NA,"2000 to 2005","0.550","NA","NA",NA,"z-score",NA,NA,NA,NA,NA
"ci1","Conditions of Childhood","composite_index","NA","Local Authority","Inverclyde","time_period","2000 to 2005","zscore_category","30-70%",NA,NA,NA,NA,"2000 to 2005","-0.456","NA","NA",NA,"z-score",NA,NA,NA,NA,NA
"ci1","Conditions of Childhood","composite_index","NA","Local Authority","Isle of Anglesey","time_period","2000 to 2005","zscore_category","70-85%",NA,NA,NA,NA,"2000 to 2005","-0.794","NA","NA",NA,"z-score",NA,NA,NA,NA,NA
"ci1","Conditions of Childhood","composite_index","NA","Local Authority","Isle of Wight","time_period","2000 to 2005","zscore_category","70-85%",NA,NA,NA,NA,"2000 to 2005","-0.612","NA","NA",NA,"z-score",NA,NA,NA,NA,NA
"ci1","Conditions of Childhood","composite_index","NA","Local Authority","Islington","time_period","2000 to 2005","zscore_category","15-30%",NA,NA,NA,NA,"2000 to 2005","0.619","NA","NA",NA,"z-score",NA,NA,NA,NA,NA
"ci1","Conditions of Childhood","composite_index","NA","Local Authority","Kensington and Chelsea","time_period","2000 to 2005","zscore_category","Top 5%",NA,NA,NA,NA,"2000 to 2005","2.034","NA","NA",NA,"z-score",NA,NA,NA,NA,NA
"ci1","Conditions of Childhood","composite_index","NA","Local Authority","Kent","time_period","2000 to 2005","zscore_category","30-70%",NA,NA,NA,NA,"2000 to 2005","0.207","NA","NA",NA,"z-score",NA,NA,NA,NA,NA
"ci1","Conditions of Childhood","composite_index","NA","Local Authority","Kingston upon Hull, City of","time_period","2000 to 2005","zscore_category","Bottom 5%",NA,NA,NA,NA,"2000 to 2005","-1.758","NA","NA",NA,"z-score",NA,NA,NA,NA,NA
"ci1","Conditions of Childhood","composite_index","NA","Local Authority","Kingston upon Thames","time_period","2000 to 2005","zscore_category","Top 5%",NA,NA,NA,NA,"2000 to 2005","2.291","NA","NA",NA,"z-score",NA,NA,NA,NA,NA
"ci1","Conditions of Childhood","composite_index","NA","Local Authority","Kirklees","time_period","2000 to 2005","zscore_category","30-70%",NA,NA,NA,NA,"2000 to 2005","-0.403","NA","NA",NA,"z-score",NA,NA,NA,NA,NA
"ci1","Conditions of Childhood","composite_index","NA","Local Authority","Knowsley","time_period","2000 to 2005","zscore_category","85-95%",NA,NA,NA,NA,"2000 to 2005","-1.344","NA","NA",NA,"z-score",NA,NA,NA,NA,NA
"ci1","Conditions of Childhood","composite_index","NA","Local Authority","Lambeth","time_period","2000 to 2005","zscore_category","30-70%",NA,NA,NA,NA,"2000 to 2005","0.396","NA","NA",NA,"z-score",NA,NA,NA,NA,NA
"ci1","Conditions of Childhood","composite_index","NA","Local Authority","Lancashire","time_period","2000 to 2005","zscore_category","30-70%",NA,NA,NA,NA,"2000 to 2005","-0.083","NA","NA",NA,"z-score",NA,NA,NA,NA,NA
"ci1","Conditions of Childhood","composite_index","NA","Local Authority","Leeds","time_period","2000 to 2005","zscore_category","30-70%",NA,NA,NA,NA,"2000 to 2005","0.099","NA","NA",NA,"z-score",NA,NA,NA,NA,NA
"ci1","Conditions of Childhood","composite_index","NA","Local Authority","Leicester","time_period","2000 to 2005","zscore_category","85-95%",NA,NA,NA,NA,"2000 to 2005","-1.372","NA","NA",NA,"z-score",NA,NA,NA,NA,NA
"ci1","Conditions of Childhood","composite_index","NA","Local Authority","Leicestershire CC","time_period","2000 to 2005","zscore_category","30-70%",NA,NA,NA,NA,"2000 to 2005","0.416","NA","NA",NA,"z-score",NA,NA,NA,NA,NA
"ci1","Conditions of Childhood","composite_index","NA","Local Authority","Lewisham","time_period","2000 to 2005","zscore_category","15-30%",NA,NA,NA,NA,"2000 to 2005","0.581","NA","NA",NA,"z-score",NA,NA,NA,NA,NA
"ci1","Conditions of Childhood","composite_index","NA","Local Authority","Lincolnshire CC","time_period","2000 to 2005","zscore_category","70-85%",NA,NA,NA,NA,"2000 to 2005","-0.633","NA","NA",NA,"z-score",NA,NA,NA,NA,NA
"ci1","Conditions of Childhood","composite_index","NA","Local Authority","Liverpool","time_period","2000 to 2005","zscore_category","70-85%",NA,NA,NA,NA,"2000 to 2005","-0.901","NA","NA",NA,"z-score",NA,NA,NA,NA,NA
"ci1","Conditions of Childhood","composite_index","NA","Local Authority","Luton","time_period","2000 to 2005","zscore_category","70-85%",NA,NA,NA,NA,"2000 to 2005","-0.659","NA","NA",NA,"z-score",NA,NA,NA,NA,NA
"ci1","Conditions of Childhood","composite_index","NA","Local Authority","Manchester","time_period","2000 to 2005","zscore_category","85-95%",NA,NA,NA,NA,"2000 to 2005","-1.066","NA","NA",NA,"z-score",NA,NA,NA,NA,NA
"ci1","Conditions of Childhood","composite_index","NA","Local Authority","Medway","time_period","2000 to 2005","zscore_category","70-85%",NA,NA,NA,NA,"2000 to 2005","-0.730","NA","NA",NA,"z-score",NA,NA,NA,NA,NA
"ci1","Conditions of Childhood","composite_index","NA","Local Authority","Merthyr Tydfil","time_period","2000 to 2005","zscore_category","85-95%",NA,NA,NA,NA,"2000 to 2005","-1.202","NA","NA",NA,"z-score",NA,NA,NA,NA,NA
"ci1","Conditions of Childhood","composite_index","NA","Local Authority","Merton","time_period","2000 to 2005","zscore_category","5-15%",NA,NA,NA,NA,"2000 to 2005","1.236","NA","NA",NA,"z-score",NA,NA,NA,NA,NA
"ci1","Conditions of Childhood","composite_index","NA","Local Authority","Middlesbrough","time_period","2000 to 2005","zscore_category","Bottom 5%",NA,NA,NA,NA,"2000 to 2005","-1.623","NA","NA",NA,"z-score",NA,NA,NA,NA,NA
"ci1","Conditions of Childhood","composite_index","NA","Local Authority","Midlothian","time_period","2000 to 2005","zscore_category","30-70%",NA,NA,NA,NA,"2000 to 2005","0.014","NA","NA",NA,"z-score",NA,NA,NA,NA,NA
"ci1","Conditions of Childhood","composite_index","NA","Local Authority","Milton Keynes","time_period","2000 to 2005","zscore_category","15-30%",NA,NA,NA,NA,"2000 to 2005","0.515","NA","NA",NA,"z-score",NA,NA,NA,NA,NA
"ci1","Conditions of Childhood","composite_index","NA","Local Authority","Monmouthshire","time_period","2000 to 2005","zscore_category","5-15%",NA,NA,NA,NA,"2000 to 2005","1.389","NA","NA",NA,"z-score",NA,NA,NA,NA,NA
"ci1","Conditions of Childhood","composite_index","NA","Local Authority","Moray","time_period","2000 to 2005","zscore_category","30-70%",NA,NA,NA,NA,"2000 to 2005","0.088","NA","NA",NA,"z-score",NA,NA,NA,NA,NA
"ci1","Conditions of Childhood","composite_index","NA","Local Authority","Na h-Eileanan Siar","time_period","2000 to 2005","zscore_category","70-85%",NA,NA,NA,NA,"2000 to 2005","-0.975","NA","NA",NA,"z-score",NA,NA,NA,NA,NA
"ci1","Conditions of Childhood","composite_index","NA","Local Authority","Neath Port Talbot","time_period","2000 to 2005","zscore_category","85-95%",NA,NA,NA,NA,"2000 to 2005","-1.108","NA","NA",NA,"z-score",NA,NA,NA,NA,NA
"ci1","Conditions of Childhood","composite_index","NA","Local Authority","Newcastle upon Tyne","time_period","2000 to 2005","zscore_category","30-70%",NA,NA,NA,NA,"2000 to 2005","-0.090","NA","NA",NA,"z-score",NA,NA,NA,NA,NA
"ci1","Conditions of Childhood","composite_index","NA","Local Authority","Newham","time_period","2000 to 2005","zscore_category","Bottom 5%",NA,NA,NA,NA,"2000 to 2005","-1.621","NA","NA",NA,"z-score",NA,NA,NA,NA,NA
"ci1","Conditions of Childhood","composite_index","NA","Local Authority","Newport","time_period","2000 to 2005","zscore_category","30-70%",NA,NA,NA,NA,"2000 to 2005","-0.226","NA","NA",NA,"z-score",NA,NA,NA,NA,NA
"ci1","Conditions of Childhood","composite_index","NA","Local Authority","North Ayrshire mainland","time_period","2000 to 2005","zscore_category","70-85%",NA,NA,NA,NA,"2000 to 2005","-0.708","NA","NA",NA,"z-score",NA,NA,NA,NA,NA
"ci1","Conditions of Childhood","composite_index","NA","Local Authority","North East Lincolnshire","time_period","2000 to 2005","zscore_category","85-95%",NA,NA,NA,NA,"2000 to 2005","-1.431","NA","NA",NA,"z-score",NA,NA,NA,NA,NA
"ci1","Conditions of Childhood","composite_index","NA","Local Authority","North Lanarkshire","time_period","2000 to 2005","zscore_category","70-85%",NA,NA,NA,NA,"2000 to 2005","-0.818","NA","NA",NA,"z-score",NA,NA,NA,NA,NA
"ci1","Conditions of Childhood","composite_index","NA","Local Authority","North Lincolnshire","time_period","2000 to 2005","zscore_category","85-95%",NA,NA,NA,NA,"2000 to 2005","-1.347","NA","NA",NA,"z-score",NA,NA,NA,NA,NA
"ci1","Conditions of Childhood","composite_index","NA","Local Authority","North Northamptonshire","time_period","2000 to 2005","zscore_category","30-70%",NA,NA,NA,NA,"2000 to 2005","-0.355","NA","NA",NA,"z-score",NA,NA,NA,NA,NA
"ci1","Conditions of Childhood","composite_index","NA","Local Authority","North Somerset","time_period","2000 to 2005","zscore_category","15-30%",NA,NA,NA,NA,"2000 to 2005","0.962","NA","NA",NA,"z-score",NA,NA,NA,NA,NA
"ci1","Conditions of Childhood","composite_index","NA","Local Authority","North Tyneside","time_period","2000 to 2005","zscore_category","30-70%",NA,NA,NA,NA,"2000 to 2005","0.098","NA","NA",NA,"z-score",NA,NA,NA,NA,NA
"ci1","Conditions of Childhood","composite_index","NA","Local Authority","North Yorkshire CC","time_period","2000 to 2005","zscore_category","15-30%",NA,NA,NA,NA,"2000 to 2005","0.594","NA","NA",NA,"z-score",NA,NA,NA,NA,NA
"ci1","Conditions of Childhood","composite_index","NA","Local Authority","Northern Ireland","time_period","2000 to 2005","zscore_category","70-85%",NA,NA,NA,NA,"2000 to 2005","-0.536","NA","NA",NA,"z-score",NA,NA,NA,NA,NA
"ci1","Conditions of Childhood","composite_index","NA","Local Authority","Northumberland","time_period","2000 to 2005","zscore_category","30-70%",NA,NA,NA,NA,"2000 to 2005","-0.235","NA","NA",NA,"z-score",NA,NA,NA,NA,NA
"ci1","Conditions of Childhood","composite_index","NA","Local Authority","Norwich and Norfolk","time_period","2000 to 2005","zscore_category","70-85%",NA,NA,NA,NA,"2000 to 2005","-0.505","NA","NA",NA,"z-score",NA,NA,NA,NA,NA
"ci1","Conditions of Childhood","composite_index","NA","Local Authority","Nottingham","time_period","2000 to 2005","zscore_category","85-95%",NA,NA,NA,NA,"2000 to 2005","-1.324","NA","NA",NA,"z-score",NA,NA,NA,NA,NA
"ci1","Conditions of Childhood","composite_index","NA","Local Authority","Nottinghamshire","time_period","2000 to 2005","zscore_category","30-70%",NA,NA,NA,NA,"2000 to 2005","-0.068","NA","NA",NA,"z-score",NA,NA,NA,NA,NA
"ci1","Conditions of Childhood","composite_index","NA","Local Authority","Oldham","time_period","2000 to 2005","zscore_category","85-95%",NA,NA,NA,NA,"2000 to 2005","-1.020","NA","NA",NA,"z-score",NA,NA,NA,NA,NA
"ci1","Conditions of Childhood","composite_index","NA","Local Authority","Orkney Islands","time_period","2000 to 2005","zscore_category","30-70%",NA,NA,NA,NA,"2000 to 2005","-0.113","NA","NA",NA,"z-score",NA,NA,NA,NA,NA
"ci1","Conditions of Childhood","composite_index","NA","Local Authority","Oxfordshire CC","time_period","2000 to 2005","zscore_category","5-15%",NA,NA,NA,NA,"2000 to 2005","1.385","NA","NA",NA,"z-score",NA,NA,NA,NA,NA
"ci1","Conditions of Childhood","composite_index","NA","Local Authority","Pembrokeshire","time_period","2000 to 2005","zscore_category","70-85%",NA,NA,NA,NA,"2000 to 2005","-0.995","NA","NA",NA,"z-score",NA,NA,NA,NA,NA
"ci1","Conditions of Childhood","composite_index","NA","Local Authority","Perth and Kinross","time_period","2000 to 2005","zscore_category","15-30%",NA,NA,NA,NA,"2000 to 2005","0.968","NA","NA",NA,"z-score",NA,NA,NA,NA,NA
"ci1","Conditions of Childhood","composite_index","NA","Local Authority","Peterborough","time_period","2000 to 2005","zscore_category","30-70%",NA,NA,NA,NA,"2000 to 2005","-0.410","NA","NA",NA,"z-score",NA,NA,NA,NA,NA
"ci1","Conditions of Childhood","composite_index","NA","Local Authority","Plymouth","time_period","2000 to 2005","zscore_category","70-85%",NA,NA,NA,NA,"2000 to 2005","-0.733","NA","NA",NA,"z-score",NA,NA,NA,NA,NA
"ci1","Conditions of Childhood","composite_index","NA","Local Authority","Portsmouth","time_period","2000 to 2005","zscore_category","30-70%",NA,NA,NA,NA,"2000 to 2005","0.009","NA","NA",NA,"z-score",NA,NA,NA,NA,NA
"ci1","Conditions of Childhood","composite_index","NA","Local Authority","Powys","time_period","2000 to 2005","zscore_category","30-70%",NA,NA,NA,NA,"2000 to 2005","0.094","NA","NA",NA,"z-score",NA,NA,NA,NA,NA
"ci1","Conditions of Childhood","composite_index","NA","Local Authority","Reading","time_period","2000 to 2005","zscore_category","15-30%",NA,NA,NA,NA,"2000 to 2005","0.775","NA","NA",NA,"z-score",NA,NA,NA,NA,NA
"ci1","Conditions of Childhood","composite_index","NA","Local Authority","Redbridge","time_period","2000 to 2005","zscore_category","15-30%",NA,NA,NA,NA,"2000 to 2005","0.925","NA","NA",NA,"z-score",NA,NA,NA,NA,NA
"ci1","Conditions of Childhood","composite_index","NA","Local Authority","Redcar and Cleveland","time_period","2000 to 2005","zscore_category","85-95%",NA,NA,NA,NA,"2000 to 2005","-1.248","NA","NA",NA,"z-score",NA,NA,NA,NA,NA
"ci1","Conditions of Childhood","composite_index","NA","Local Authority","Renfrewshire","time_period","2000 to 2005","zscore_category","30-70%",NA,NA,NA,NA,"2000 to 2005","0.250","NA","NA",NA,"z-score",NA,NA,NA,NA,NA
"ci1","Conditions of Childhood","composite_index","NA","Local Authority","Rhondda Cynon Taf","time_period","2000 to 2005","zscore_category","70-85%",NA,NA,NA,NA,"2000 to 2005","-0.802","NA","NA",NA,"z-score",NA,NA,NA,NA,NA
"ci1","Conditions of Childhood","composite_index","NA","Local Authority","Richmond upon Thames","time_period","2000 to 2005","zscore_category","Top 5%",NA,NA,NA,NA,"2000 to 2005","4.258","NA","NA",NA,"z-score",NA,NA,NA,NA,NA
"ci1","Conditions of Childhood","composite_index","NA","Local Authority","Rochdale","time_period","2000 to 2005","zscore_category","70-85%",NA,NA,NA,NA,"2000 to 2005","-0.822","NA","NA",NA,"z-score",NA,NA,NA,NA,NA
"ci1","Conditions of Childhood","composite_index","NA","Local Authority","Rotherham","time_period","2000 to 2005","zscore_category","70-85%",NA,NA,NA,NA,"2000 to 2005","-0.847","NA","NA",NA,"z-score",NA,NA,NA,NA,NA
"ci1","Conditions of Childhood","composite_index","NA","Local Authority","Rutland","time_period","2000 to 2005","zscore_category","Top 5%",NA,NA,NA,NA,"2000 to 2005","1.625","NA","NA",NA,"z-score",NA,NA,NA,NA,NA
"ci1","Conditions of Childhood","composite_index","NA","Local Authority","Salford","time_period","2000 to 2005","zscore_category","70-85%",NA,NA,NA,NA,"2000 to 2005","-0.602","NA","NA",NA,"z-score",NA,NA,NA,NA,NA
"ci1","Conditions of Childhood","composite_index","NA","Local Authority","Sandwell","time_period","2000 to 2005","zscore_category","Bottom 5%",NA,NA,NA,NA,"2000 to 2005","-1.649","NA","NA",NA,"z-score",NA,NA,NA,NA,NA
"ci1","Conditions of Childhood","composite_index","NA","Local Authority","Scottish Borders","time_period","2000 to 2005","zscore_category","30-70%",NA,NA,NA,NA,"2000 to 2005","-0.263","NA","NA",NA,"z-score",NA,NA,NA,NA,NA
"ci1","Conditions of Childhood","composite_index","NA","Local Authority","Sefton","time_period","2000 to 2005","zscore_category","30-70%",NA,NA,NA,NA,"2000 to 2005","-0.005","NA","NA",NA,"z-score",NA,NA,NA,NA,NA
"ci1","Conditions of Childhood","composite_index","NA","Local Authority","Sheffield","time_period","2000 to 2005","zscore_category","30-70%",NA,NA,NA,NA,"2000 to 2005","0.143","NA","NA",NA,"z-score",NA,NA,NA,NA,NA
"ci1","Conditions of Childhood","composite_index","NA","Local Authority","Shetland Islands","time_period","2000 to 2005","zscore_category","30-70%",NA,NA,NA,NA,"2000 to 2005","0.120","NA","NA",NA,"z-score",NA,NA,NA,NA,NA
"ci1","Conditions of Childhood","composite_index","NA","Local Authority","Shropshire","time_period","2000 to 2005","zscore_category","30-70%",NA,NA,NA,NA,"2000 to 2005","0.230","NA","NA",NA,"z-score",NA,NA,NA,NA,NA
"ci1","Conditions of Childhood","composite_index","NA","Local Authority","Slough","time_period","2000 to 2005","zscore_category","30-70%",NA,NA,NA,NA,"2000 to 2005","-0.049","NA","NA",NA,"z-score",NA,NA,NA,NA,NA
"ci1","Conditions of Childhood","composite_index","NA","Local Authority","Solihull","time_period","2000 to 2005","zscore_category","5-15%",NA,NA,NA,NA,"2000 to 2005","1.347","NA","NA",NA,"z-score",NA,NA,NA,NA,NA
"ci1","Conditions of Childhood","composite_index","NA","Local Authority","Somerset CC","time_period","2000 to 2005","zscore_category","30-70%",NA,NA,NA,NA,"2000 to 2005","-0.205","NA","NA",NA,"z-score",NA,NA,NA,NA,NA
"ci1","Conditions of Childhood","composite_index","NA","Local Authority","South Ayrshire","time_period","2000 to 2005","zscore_category","30-70%",NA,NA,NA,NA,"2000 to 2005","-0.172","NA","NA",NA,"z-score",NA,NA,NA,NA,NA
"ci1","Conditions of Childhood","composite_index","NA","Local Authority","South Gloucestershire","time_period","2000 to 2005","zscore_category","15-30%",NA,NA,NA,NA,"2000 to 2005","0.594","NA","NA",NA,"z-score",NA,NA,NA,NA,NA
"ci1","Conditions of Childhood","composite_index","NA","Local Authority","South Lanarkshire","time_period","2000 to 2005","zscore_category","30-70%",NA,NA,NA,NA,"2000 to 2005","-0.189","NA","NA",NA,"z-score",NA,NA,NA,NA,NA
"ci1","Conditions of Childhood","composite_index","NA","Local Authority","South Tyneside","time_period","2000 to 2005","zscore_category","85-95%",NA,NA,NA,NA,"2000 to 2005","-1.077","NA","NA",NA,"z-score",NA,NA,NA,NA,NA
"ci1","Conditions of Childhood","composite_index","NA","Local Authority","Southampton","time_period","2000 to 2005","zscore_category","30-70%",NA,NA,NA,NA,"2000 to 2005","-0.385","NA","NA",NA,"z-score",NA,NA,NA,NA,NA
"ci1","Conditions of Childhood","composite_index","NA","Local Authority","Southend-on-Sea","time_period","2000 to 2005","zscore_category","30-70%",NA,NA,NA,NA,"2000 to 2005","-0.159","NA","NA",NA,"z-score",NA,NA,NA,NA,NA
"ci1","Conditions of Childhood","composite_index","NA","Local Authority","Southwark","time_period","2000 to 2005","zscore_category","30-70%",NA,NA,NA,NA,"2000 to 2005","0.267","NA","NA",NA,"z-score",NA,NA,NA,NA,NA
"ci1","Conditions of Childhood","composite_index","NA","Local Authority","St Helens","time_period","2000 to 2005","zscore_category","70-85%",NA,NA,NA,NA,"2000 to 2005","-0.713","NA","NA",NA,"z-score",NA,NA,NA,NA,NA
"ci1","Conditions of Childhood","composite_index","NA","Local Authority","Staffordshire CC","time_period","2000 to 2005","zscore_category","30-70%",NA,NA,NA,NA,"2000 to 2005","-0.042","NA","NA",NA,"z-score",NA,NA,NA,NA,NA
"ci1","Conditions of Childhood","composite_index","NA","Local Authority","Stirling","time_period","2000 to 2005","zscore_category","5-15%",NA,NA,NA,NA,"2000 to 2005","1.351","NA","NA",NA,"z-score",NA,NA,NA,NA,NA
"ci1","Conditions of Childhood","composite_index","NA","Local Authority","Stockport","time_period","2000 to 2005","zscore_category","30-70%",NA,NA,NA,NA,"2000 to 2005","0.333","NA","NA",NA,"z-score",NA,NA,NA,NA,NA
"ci1","Conditions of Childhood","composite_index","NA","Local Authority","Stockton-on-Tees","time_period","2000 to 2005","zscore_category","70-85%",NA,NA,NA,NA,"2000 to 2005","-0.673","NA","NA",NA,"z-score",NA,NA,NA,NA,NA
"ci1","Conditions of Childhood","composite_index","NA","Local Authority","Stoke-on-Trent","time_period","2000 to 2005","zscore_category","Bottom 5%",NA,NA,NA,NA,"2000 to 2005","-1.708","NA","NA",NA,"z-score",NA,NA,NA,NA,NA
"ci1","Conditions of Childhood","composite_index","NA","Local Authority","Suffolk CC","time_period","2000 to 2005","zscore_category","30-70%",NA,NA,NA,NA,"2000 to 2005","0.012","NA","NA",NA,"z-score",NA,NA,NA,NA,NA
"ci1","Conditions of Childhood","composite_index","NA","Local Authority","Sunderland","time_period","2000 to 2005","zscore_category","85-95%",NA,NA,NA,NA,"2000 to 2005","-1.254","NA","NA",NA,"z-score",NA,NA,NA,NA,NA
"ci1","Conditions of Childhood","composite_index","NA","Local Authority","Surrey","time_period","2000 to 2005","zscore_category","Top 5%",NA,NA,NA,NA,"2000 to 2005","2.213","NA","NA",NA,"z-score",NA,NA,NA,NA,NA
"ci1","Conditions of Childhood","composite_index","NA","Local Authority","Sutton","time_period","2000 to 2005","zscore_category","15-30%",NA,NA,NA,NA,"2000 to 2005","0.944","NA","NA",NA,"z-score",NA,NA,NA,NA,NA
"ci1","Conditions of Childhood","composite_index","NA","Local Authority","Swansea","time_period","2000 to 2005","zscore_category","30-70%",NA,NA,NA,NA,"2000 to 2005","-0.291","NA","NA",NA,"z-score",NA,NA,NA,NA,NA
"ci1","Conditions of Childhood","composite_index","NA","Local Authority","Swindon","time_period","2000 to 2005","zscore_category","30-70%",NA,NA,NA,NA,"2000 to 2005","0.192","NA","NA",NA,"z-score",NA,NA,NA,NA,NA
"ci1","Conditions of Childhood","composite_index","NA","Local Authority","Tameside","time_period","2000 to 2005","zscore_category","70-85%",NA,NA,NA,NA,"2000 to 2005","-0.724","NA","NA",NA,"z-score",NA,NA,NA,NA,NA
"ci1","Conditions of Childhood","composite_index","NA","Local Authority","Telford and Wrekin","time_period","2000 to 2005","zscore_category","70-85%",NA,NA,NA,NA,"2000 to 2005","-0.658","NA","NA",NA,"z-score",NA,NA,NA,NA,NA
"ci1","Conditions of Childhood","composite_index","NA","Local Authority","Thurrock","time_period","2000 to 2005","zscore_category","70-85%",NA,NA,NA,NA,"2000 to 2005","-0.928","NA","NA",NA,"z-score",NA,NA,NA,NA,NA
"ci1","Conditions of Childhood","composite_index","NA","Local Authority","Torbay","time_period","2000 to 2005","zscore_category","85-95%",NA,NA,NA,NA,"2000 to 2005","-1.131","NA","NA",NA,"z-score",NA,NA,NA,NA,NA
"ci1","Conditions of Childhood","composite_index","NA","Local Authority","Torfaen","time_period","2000 to 2005","zscore_category","70-85%",NA,NA,NA,NA,"2000 to 2005","-0.694","NA","NA",NA,"z-score",NA,NA,NA,NA,NA
"ci1","Conditions of Childhood","composite_index","NA","Local Authority","Tower Hamlets","time_period","2000 to 2005","zscore_category","Bottom 5%",NA,NA,NA,NA,"2000 to 2005","-1.887","NA","NA",NA,"z-score",NA,NA,NA,NA,NA
"ci1","Conditions of Childhood","composite_index","NA","Local Authority","Trafford","time_period","2000 to 2005","zscore_category","15-30%",NA,NA,NA,NA,"2000 to 2005","0.624","NA","NA",NA,"z-score",NA,NA,NA,NA,NA
"ci1","Conditions of Childhood","composite_index","NA","Local Authority","Vale of Glamorgan","time_period","2000 to 2005","zscore_category","15-30%",NA,NA,NA,NA,"2000 to 2005","0.573","NA","NA",NA,"z-score",NA,NA,NA,NA,NA
"ci1","Conditions of Childhood","composite_index","NA","Local Authority","Wakefield","time_period","2000 to 2005","zscore_category","70-85%",NA,NA,NA,NA,"2000 to 2005","-0.913","NA","NA",NA,"z-score",NA,NA,NA,NA,NA
"ci1","Conditions of Childhood","composite_index","NA","Local Authority","Walsall","time_period","2000 to 2005","zscore_category","85-95%",NA,NA,NA,NA,"2000 to 2005","-1.130","NA","NA",NA,"z-score",NA,NA,NA,NA,NA
"ci1","Conditions of Childhood","composite_index","NA","Local Authority","Waltham Forest","time_period","2000 to 2005","zscore_category","30-70%",NA,NA,NA,NA,"2000 to 2005","-0.116","NA","NA",NA,"z-score",NA,NA,NA,NA,NA
"ci1","Conditions of Childhood","composite_index","NA","Local Authority","Wandsworth","time_period","2000 to 2005","zscore_category","Top 5%",NA,NA,NA,NA,"2000 to 2005","2.748","NA","NA",NA,"z-score",NA,NA,NA,NA,NA
"ci1","Conditions of Childhood","composite_index","NA","Local Authority","Warrington","time_period","2000 to 2005","zscore_category","30-70%",NA,NA,NA,NA,"2000 to 2005","0.334","NA","NA",NA,"z-score",NA,NA,NA,NA,NA
"ci1","Conditions of Childhood","composite_index","NA","Local Authority","Warwickshire CC","time_period","2000 to 2005","zscore_category","30-70%",NA,NA,NA,NA,"2000 to 2005","0.421","NA","NA",NA,"z-score",NA,NA,NA,NA,NA
"ci1","Conditions of Childhood","composite_index","NA","Local Authority","West Berkshire","time_period","2000 to 2005","zscore_category","Top 5%",NA,NA,NA,NA,"2000 to 2005","1.535","NA","NA",NA,"z-score",NA,NA,NA,NA,NA
"ci1","Conditions of Childhood","composite_index","NA","Local Authority","West Dunbartonshire","time_period","2000 to 2005","zscore_category","70-85%",NA,NA,NA,NA,"2000 to 2005","-0.787","NA","NA",NA,"z-score",NA,NA,NA,NA,NA
"ci1","Conditions of Childhood","composite_index","NA","Local Authority","West Lothian","time_period","2000 to 2005","zscore_category","30-70%",NA,NA,NA,NA,"2000 to 2005","0.092","NA","NA",NA,"z-score",NA,NA,NA,NA,NA
"ci1","Conditions of Childhood","composite_index","NA","Local Authority","West Northamptonshire","time_period","2000 to 2005","zscore_category","30-70%",NA,NA,NA,NA,"2000 to 2005","0.343","NA","NA",NA,"z-score",NA,NA,NA,NA,NA
"ci1","Conditions of Childhood","composite_index","NA","Local Authority","West Sussex","time_period","2000 to 2005","zscore_category","15-30%",NA,NA,NA,NA,"2000 to 2005","0.708","NA","NA",NA,"z-score",NA,NA,NA,NA,NA
"ci1","Conditions of Childhood","composite_index","NA","Local Authority","Westminster","time_period","2000 to 2005","zscore_category","15-30%",NA,NA,NA,NA,"2000 to 2005","0.711","NA","NA",NA,"z-score",NA,NA,NA,NA,NA
"ci1","Conditions of Childhood","composite_index","NA","Local Authority","Wigan","time_period","2000 to 2005","zscore_category","70-85%",NA,NA,NA,NA,"2000 to 2005","-0.649","NA","NA",NA,"z-score",NA,NA,NA,NA,NA
"ci1","Conditions of Childhood","composite_index","NA","Local Authority","Wiltshire","time_period","2000 to 2005","zscore_category","15-30%",NA,NA,NA,NA,"2000 to 2005","0.739","NA","NA",NA,"z-score",NA,NA,NA,NA,NA
"ci1","Conditions of Childhood","composite_index","NA","Local Authority","Windsor and Maidenhead","time_period","2000 to 2005","zscore_category","Top 5%",NA,NA,NA,NA,"2000 to 2005","2.707","NA","NA",NA,"z-score",NA,NA,NA,NA,NA
"ci1","Conditions of Childhood","composite_index","NA","Local Authority","Wirral","time_period","2000 to 2005","zscore_category","30-70%",NA,NA,NA,NA,"2000 to 2005","0.040","NA","NA",NA,"z-score",NA,NA,NA,NA,NA
"ci1","Conditions of Childhood","composite_index","NA","Local Authority","Wokingham","time_period","2000 to 2005","zscore_category","Top 5%",NA,NA,NA,NA,"2000 to 2005","2.355","NA","NA",NA,"z-score",NA,NA,NA,NA,NA
"ci1","Conditions of Childhood","composite_index","NA","Local Authority","Wolverhampton","time_period","2000 to 2005","zscore_category","85-95%",NA,NA,NA,NA,"2000 to 2005","-1.233","NA","NA",NA,"z-score",NA,NA,NA,NA,NA
"ci1","Conditions of Childhood","composite_index","NA","Local Authority","Worcestershire CC","time_period","2000 to 2005","zscore_category","30-70%",NA,NA,NA,NA,"2000 to 2005","0.303","NA","NA",NA,"z-score",NA,NA,NA,NA,NA
"ci1","Conditions of Childhood","composite_index","NA","Local Authority","Wrexham","time_period","2000 to 2005","zscore_category","70-85%",NA,NA,NA,NA,"2000 to 2005","-0.769","NA","NA",NA,"z-score",NA,NA,NA,NA,NA
"ci1","Conditions of Childhood","composite_index","NA","Local Authority","York","time_period","2000 to 2005","zscore_category","15-30%",NA,NA,NA,NA,"2000 to 2005","0.558","NA","NA",NA,"z-score",NA,NA,NA,NA,NA
"ci1","Conditions of Childhood","composite_index","NA","Local Authority","Aberdeen City","time_period","2006 to 2011","zscore_category","30-70%",NA,NA,NA,NA,"2006 to 2011","0.470","NA","NA",NA,"z-score",NA,NA,NA,NA,NA
"ci1","Conditions of Childhood","composite_index","NA","Local Authority","Aberdeenshire","time_period","2006 to 2011","zscore_category","30-70%",NA,NA,NA,NA,"2006 to 2011","0.494","NA","NA",NA,"z-score",NA,NA,NA,NA,NA
"ci1","Conditions of Childhood","composite_index","NA","Local Authority","Angus","time_period","2006 to 2011","zscore_category","30-70%",NA,NA,NA,NA,"2006 to 2011","0.042","NA","NA",NA,"z-score",NA,NA,NA,NA,NA
"ci1","Conditions of Childhood","composite_index","NA","Local Authority","Argyll and Bute Islands","time_period","2006 to 2011","zscore_category","30-70%",NA,NA,NA,NA,"2006 to 2011","0.230","NA","NA",NA,"z-score",NA,NA,NA,NA,NA
"ci1","Conditions of Childhood","composite_index","NA","Local Authority","Barking and Dagenham","time_period","2006 to 2011","zscore_category","85-95%",NA,NA,NA,NA,"2006 to 2011","-1.065","NA","NA",NA,"z-score",NA,NA,NA,NA,NA
"ci1","Conditions of Childhood","composite_index","NA","Local Authority","Barnet","time_period","2006 to 2011","zscore_category","Top 5%",NA,NA,NA,NA,"2006 to 2011","1.826","NA","NA",NA,"z-score",NA,NA,NA,NA,NA
"ci1","Conditions of Childhood","composite_index","NA","Local Authority","Barnsley","time_period","2006 to 2011","zscore_category","85-95%",NA,NA,NA,NA,"2006 to 2011","-1.096","NA","NA",NA,"z-score",NA,NA,NA,NA,NA
"ci1","Conditions of Childhood","composite_index","NA","Local Authority","Bath and North East Somerset","time_period","2006 to 2011","zscore_category","5-15%",NA,NA,NA,NA,"2006 to 2011","1.400","NA","NA",NA,"z-score",NA,NA,NA,NA,NA
"ci1","Conditions of Childhood","composite_index","NA","Local Authority","Bedford","time_period","2006 to 2011","zscore_category","15-30%",NA,NA,NA,NA,"2006 to 2011","0.570","NA","NA",NA,"z-score",NA,NA,NA,NA,NA
"ci1","Conditions of Childhood","composite_index","NA","Local Authority","Bexley","time_period","2006 to 2011","zscore_category","30-70%",NA,NA,NA,NA,"2006 to 2011","0.362","NA","NA",NA,"z-score",NA,NA,NA,NA,NA
"ci1","Conditions of Childhood","composite_index","NA","Local Authority","Birmingham","time_period","2006 to 2011","zscore_category","85-95%",NA,NA,NA,NA,"2006 to 2011","-1.158","NA","NA",NA,"z-score",NA,NA,NA,NA,NA
"ci1","Conditions of Childhood","composite_index","NA","Local Authority","Blackburn with Darwen","time_period","2006 to 2011","zscore_category","85-95%",NA,NA,NA,NA,"2006 to 2011","-1.160","NA","NA",NA,"z-score",NA,NA,NA,NA,NA
"ci1","Conditions of Childhood","composite_index","NA","Local Authority","Blackpool","time_period","2006 to 2011","zscore_category","85-95%",NA,NA,NA,NA,"2006 to 2011","-1.363","NA","NA",NA,"z-score",NA,NA,NA,NA,NA
"ci1","Conditions of Childhood","composite_index","NA","Local Authority","Blaenau Gwent","time_period","2006 to 2011","zscore_category","Bottom 5%",NA,NA,NA,NA,"2006 to 2011","-1.788","NA","NA",NA,"z-score",NA,NA,NA,NA,NA
"ci1","Conditions of Childhood","composite_index","NA","Local Authority","Bolton","time_period","2006 to 2011","zscore_category","70-85%",NA,NA,NA,NA,"2006 to 2011","-0.552","NA","NA",NA,"z-score",NA,NA,NA,NA,NA
"ci1","Conditions of Childhood","composite_index","NA","Local Authority","Bournemouth, Christchurch and Poole","time_period","2006 to 2011","zscore_category","30-70%",NA,NA,NA,NA,"2006 to 2011","-0.150","NA","NA",NA,"z-score",NA,NA,NA,NA,NA
"ci1","Conditions of Childhood","composite_index","NA","Local Authority","Bracknell Forest","time_period","2006 to 2011","zscore_category","15-30%",NA,NA,NA,NA,"2006 to 2011","0.955","NA","NA",NA,"z-score",NA,NA,NA,NA,NA
"ci1","Conditions of Childhood","composite_index","NA","Local Authority","Bradford","time_period","2006 to 2011","zscore_category","70-85%",NA,NA,NA,NA,"2006 to 2011","-0.933","NA","NA",NA,"z-score",NA,NA,NA,NA,NA
"ci1","Conditions of Childhood","composite_index","NA","Local Authority","Brent","time_period","2006 to 2011","zscore_category","30-70%",NA,NA,NA,NA,"2006 to 2011","-0.350","NA","NA",NA,"z-score",NA,NA,NA,NA,NA
"ci1","Conditions of Childhood","composite_index","NA","Local Authority","Bridgend","time_period","2006 to 2011","zscore_category","30-70%",NA,NA,NA,NA,"2006 to 2011","-0.458","NA","NA",NA,"z-score",NA,NA,NA,NA,NA
"ci1","Conditions of Childhood","composite_index","NA","Local Authority","Brighton and Hove","time_period","2006 to 2011","zscore_category","5-15%",NA,NA,NA,NA,"2006 to 2011","1.367","NA","NA",NA,"z-score",NA,NA,NA,NA,NA
"ci1","Conditions of Childhood","composite_index","NA","Local Authority","Bristol, City of","time_period","2006 to 2011","zscore_category","15-30%",NA,NA,NA,NA,"2006 to 2011","0.673","NA","NA",NA,"z-score",NA,NA,NA,NA,NA
"ci1","Conditions of Childhood","composite_index","NA","Local Authority","Bromley","time_period","2006 to 2011","zscore_category","Top 5%",NA,NA,NA,NA,"2006 to 2011","1.634","NA","NA",NA,"z-score",NA,NA,NA,NA,NA
"ci1","Conditions of Childhood","composite_index","NA","Local Authority","Buckinghamshire","time_period","2006 to 2011","zscore_category","Top 5%",NA,NA,NA,NA,"2006 to 2011","1.999","NA","NA",NA,"z-score",NA,NA,NA,NA,NA
"ci1","Conditions of Childhood","composite_index","NA","Local Authority","Bury","time_period","2006 to 2011","zscore_category","30-70%",NA,NA,NA,NA,"2006 to 2011","0.313","NA","NA",NA,"z-score",NA,NA,NA,NA,NA
"ci1","Conditions of Childhood","composite_index","NA","Local Authority","Caerphilly","time_period","2006 to 2011","zscore_category","70-85%",NA,NA,NA,NA,"2006 to 2011","-0.960","NA","NA",NA,"z-score",NA,NA,NA,NA,NA
"ci1","Conditions of Childhood","composite_index","NA","Local Authority","Calderdale","time_period","2006 to 2011","zscore_category","30-70%",NA,NA,NA,NA,"2006 to 2011","0.059","NA","NA",NA,"z-score",NA,NA,NA,NA,NA
"ci1","Conditions of Childhood","composite_index","NA","Local Authority","Cambridgeshire CC","time_period","2006 to 2011","zscore_category","5-15%",NA,NA,NA,NA,"2006 to 2011","1.286","NA","NA",NA,"z-score",NA,NA,NA,NA,NA
"ci1","Conditions of Childhood","composite_index","NA","Local Authority","Camden and City of London","time_period","2006 to 2011","zscore_category","Top 5%",NA,NA,NA,NA,"2006 to 2011","2.475","NA","NA",NA,"z-score",NA,NA,NA,NA,NA
"ci1","Conditions of Childhood","composite_index","NA","Local Authority","Cardiff","time_period","2006 to 2011","zscore_category","15-30%",NA,NA,NA,NA,"2006 to 2011","0.638","NA","NA",NA,"z-score",NA,NA,NA,NA,NA
"ci1","Conditions of Childhood","composite_index","NA","Local Authority","Carmarthenshire","time_period","2006 to 2011","zscore_category","30-70%",NA,NA,NA,NA,"2006 to 2011","-0.022","NA","NA",NA,"z-score",NA,NA,NA,NA,NA
"ci1","Conditions of Childhood","composite_index","NA","Local Authority","Central Bedfordshire","time_period","2006 to 2011","zscore_category","15-30%",NA,NA,NA,NA,"2006 to 2011","0.693","NA","NA",NA,"z-score",NA,NA,NA,NA,NA
"ci1","Conditions of Childhood","composite_index","NA","Local Authority","Ceredigion","time_period","2006 to 2011","zscore_category","70-85%",NA,NA,NA,NA,"2006 to 2011","-0.567","NA","NA",NA,"z-score",NA,NA,NA,NA,NA
"ci1","Conditions of Childhood","composite_index","NA","Local Authority","Cheshire East","time_period","2006 to 2011","zscore_category","5-15%",NA,NA,NA,NA,"2006 to 2011","1.262","NA","NA",NA,"z-score",NA,NA,NA,NA,NA
"ci1","Conditions of Childhood","composite_index","NA","Local Authority","Cheshire West and Chester","time_period","2006 to 2011","zscore_category","15-30%",NA,NA,NA,NA,"2006 to 2011","0.574","NA","NA",NA,"z-score",NA,NA,NA,NA,NA
"ci1","Conditions of Childhood","composite_index","NA","Local Authority","City of Edinburgh","time_period","2006 to 2011","zscore_category","Top 5%",NA,NA,NA,NA,"2006 to 2011","1.550","NA","NA",NA,"z-score",NA,NA,NA,NA,NA
"ci1","Conditions of Childhood","composite_index","NA","Local Authority","Clackmannanshire","time_period","2006 to 2011","zscore_category","30-70%",NA,NA,NA,NA,"2006 to 2011","-0.441","NA","NA",NA,"z-score",NA,NA,NA,NA,NA
"ci1","Conditions of Childhood","composite_index","NA","Local Authority","Conwy","time_period","2006 to 2011","zscore_category","30-70%",NA,NA,NA,NA,"2006 to 2011","-0.401","NA","NA",NA,"z-score",NA,NA,NA,NA,NA
"ci1","Conditions of Childhood","composite_index","NA","Local Authority","Cornwall and Isles of Scilly","time_period","2006 to 2011","zscore_category","30-70%",NA,NA,NA,NA,"2006 to 2011","-0.482","NA","NA",NA,"z-score",NA,NA,NA,NA,NA
"ci1","Conditions of Childhood","composite_index","NA","Local Authority","Coventry","time_period","2006 to 2011","zscore_category","70-85%",NA,NA,NA,NA,"2006 to 2011","-0.704","NA","NA",NA,"z-score",NA,NA,NA,NA,NA
"ci1","Conditions of Childhood","composite_index","NA","Local Authority","Croydon","time_period","2006 to 2011","zscore_category","30-70%",NA,NA,NA,NA,"2006 to 2011","0.328","NA","NA",NA,"z-score",NA,NA,NA,NA,NA
"ci1","Conditions of Childhood","composite_index","NA","Local Authority","Cumbria","time_period","2006 to 2011","zscore_category","30-70%",NA,NA,NA,NA,"2006 to 2011","-0.460","NA","NA",NA,"z-score",NA,NA,NA,NA,NA
"ci1","Conditions of Childhood","composite_index","NA","Local Authority","Darlington","time_period","2006 to 2011","zscore_category","30-70%",NA,NA,NA,NA,"2006 to 2011","-0.490","NA","NA",NA,"z-score",NA,NA,NA,NA,NA
"ci1","Conditions of Childhood","composite_index","NA","Local Authority","Denbighshire","time_period","2006 to 2011","zscore_category","30-70%",NA,NA,NA,NA,"2006 to 2011","-0.072","NA","NA",NA,"z-score",NA,NA,NA,NA,NA
"ci1","Conditions of Childhood","composite_index","NA","Local Authority","Derby","time_period","2006 to 2011","zscore_category","30-70%",NA,NA,NA,NA,"2006 to 2011","-0.389","NA","NA",NA,"z-score",NA,NA,NA,NA,NA
"ci1","Conditions of Childhood","composite_index","NA","Local Authority","Derbyshire","time_period","2006 to 2011","zscore_category","30-70%",NA,NA,NA,NA,"2006 to 2011","-0.105","NA","NA",NA,"z-score",NA,NA,NA,NA,NA
"ci1","Conditions of Childhood","composite_index","NA","Local Authority","Devon CC","time_period","2006 to 2011","zscore_category","30-70%",NA,NA,NA,NA,"2006 to 2011","0.114","NA","NA",NA,"z-score",NA,NA,NA,NA,NA
"ci1","Conditions of Childhood","composite_index","NA","Local Authority","Doncaster","time_period","2006 to 2011","zscore_category","85-95%",NA,NA,NA,NA,"2006 to 2011","-1.476","NA","NA",NA,"z-score",NA,NA,NA,NA,NA
"ci1","Conditions of Childhood","composite_index","NA","Local Authority","Dorset","time_period","2006 to 2011","zscore_category","30-70%",NA,NA,NA,NA,"2006 to 2011","0.219","NA","NA",NA,"z-score",NA,NA,NA,NA,NA
"ci1","Conditions of Childhood","composite_index","NA","Local Authority","Dudley","time_period","2006 to 2011","zscore_category","30-70%",NA,NA,NA,NA,"2006 to 2011","-0.339","NA","NA",NA,"z-score",NA,NA,NA,NA,NA
"ci1","Conditions of Childhood","composite_index","NA","Local Authority","Dumfries and Galloway","time_period","2006 to 2011","zscore_category","70-85%",NA,NA,NA,NA,"2006 to 2011","-0.685","NA","NA",NA,"z-score",NA,NA,NA,NA,NA
"ci1","Conditions of Childhood","composite_index","NA","Local Authority","Dundee City","time_period","2006 to 2011","zscore_category","85-95%",NA,NA,NA,NA,"2006 to 2011","-1.061","NA","NA",NA,"z-score",NA,NA,NA,NA,NA
"ci1","Conditions of Childhood","composite_index","NA","Local Authority","Durham","time_period","2006 to 2011","zscore_category","70-85%",NA,NA,NA,NA,"2006 to 2011","-0.775","NA","NA",NA,"z-score",NA,NA,NA,NA,NA
"ci1","Conditions of Childhood","composite_index","NA","Local Authority","Ealing","time_period","2006 to 2011","zscore_category","15-30%",NA,NA,NA,NA,"2006 to 2011","0.985","NA","NA",NA,"z-score",NA,NA,NA,NA,NA
"ci1","Conditions of Childhood","composite_index","NA","Local Authority","East Ayrshire","time_period","2006 to 2011","zscore_category","85-95%",NA,NA,NA,NA,"2006 to 2011","-1.214","NA","NA",NA,"z-score",NA,NA,NA,NA,NA
"ci1","Conditions of Childhood","composite_index","NA","Local Authority","East Dunbartonshire","time_period","2006 to 2011","zscore_category","Top 5%",NA,NA,NA,NA,"2006 to 2011","1.687","NA","NA",NA,"z-score",NA,NA,NA,NA,NA
"ci1","Conditions of Childhood","composite_index","NA","Local Authority","East Lothian","time_period","2006 to 2011","zscore_category","30-70%",NA,NA,NA,NA,"2006 to 2011","0.273","NA","NA",NA,"z-score",NA,NA,NA,NA,NA
"ci1","Conditions of Childhood","composite_index","NA","Local Authority","East Renfrewshire","time_period","2006 to 2011","zscore_category","Top 5%",NA,NA,NA,NA,"2006 to 2011","1.526","NA","NA",NA,"z-score",NA,NA,NA,NA,NA
"ci1","Conditions of Childhood","composite_index","NA","Local Authority","East Riding of Yorkshire","time_period","2006 to 2011","zscore_category","30-70%",NA,NA,NA,NA,"2006 to 2011","0.443","NA","NA",NA,"z-score",NA,NA,NA,NA,NA
"ci1","Conditions of Childhood","composite_index","NA","Local Authority","East Sussex CC","time_period","2006 to 2011","zscore_category","30-70%",NA,NA,NA,NA,"2006 to 2011","0.335","NA","NA",NA,"z-score",NA,NA,NA,NA,NA
"ci1","Conditions of Childhood","composite_index","NA","Local Authority","Enfield","time_period","2006 to 2011","zscore_category","30-70%",NA,NA,NA,NA,"2006 to 2011","0.101","NA","NA",NA,"z-score",NA,NA,NA,NA,NA
"ci1","Conditions of Childhood","composite_index","NA","Local Authority","Essex","time_period","2006 to 2011","zscore_category","30-70%",NA,NA,NA,NA,"2006 to 2011","0.418","NA","NA",NA,"z-score",NA,NA,NA,NA,NA
"ci1","Conditions of Childhood","composite_index","NA","Local Authority","Falkirk","time_period","2006 to 2011","zscore_category","30-70%",NA,NA,NA,NA,"2006 to 2011","0.050","NA","NA",NA,"z-score",NA,NA,NA,NA,NA
"ci1","Conditions of Childhood","composite_index","NA","Local Authority","Fife","time_period","2006 to 2011","zscore_category","30-70%",NA,NA,NA,NA,"2006 to 2011","0.088","NA","NA",NA,"z-score",NA,NA,NA,NA,NA
"ci1","Conditions of Childhood","composite_index","NA","Local Authority","Flintshire","time_period","2006 to 2011","zscore_category","30-70%",NA,NA,NA,NA,"2006 to 2011","-0.003","NA","NA",NA,"z-score",NA,NA,NA,NA,NA
"ci1","Conditions of Childhood","composite_index","NA","Local Authority","Gateshead","time_period","2006 to 2011","zscore_category","85-95%",NA,NA,NA,NA,"2006 to 2011","-1.025","NA","NA",NA,"z-score",NA,NA,NA,NA,NA
"ci1","Conditions of Childhood","composite_index","NA","Local Authority","Glasgow City","time_period","2006 to 2011","zscore_category","70-85%",NA,NA,NA,NA,"2006 to 2011","-0.679","NA","NA",NA,"z-score",NA,NA,NA,NA,NA
"ci1","Conditions of Childhood","composite_index","NA","Local Authority","Gloucestershire CC","time_period","2006 to 2011","zscore_category","15-30%",NA,NA,NA,NA,"2006 to 2011","0.960","NA","NA",NA,"z-score",NA,NA,NA,NA,NA
"ci1","Conditions of Childhood","composite_index","NA","Local Authority","Greenwich","time_period","2006 to 2011","zscore_category","15-30%",NA,NA,NA,NA,"2006 to 2011","0.598","NA","NA",NA,"z-score",NA,NA,NA,NA,NA
"ci1","Conditions of Childhood","composite_index","NA","Local Authority","Gwynedd","time_period","2006 to 2011","zscore_category","70-85%",NA,NA,NA,NA,"2006 to 2011","-0.667","NA","NA",NA,"z-score",NA,NA,NA,NA,NA
"ci1","Conditions of Childhood","composite_index","NA","Local Authority","Hackney","time_period","2006 to 2011","zscore_category","30-70%",NA,NA,NA,NA,"2006 to 2011","0.223","NA","NA",NA,"z-score",NA,NA,NA,NA,NA
"ci1","Conditions of Childhood","composite_index","NA","Local Authority","Halton","time_period","2006 to 2011","zscore_category","85-95%",NA,NA,NA,NA,"2006 to 2011","-1.234","NA","NA",NA,"z-score",NA,NA,NA,NA,NA
"ci1","Conditions of Childhood","composite_index","NA","Local Authority","Hammersmith and Fulham","time_period","2006 to 2011","zscore_category","Top 5%",NA,NA,NA,NA,"2006 to 2011","2.248","NA","NA",NA,"z-score",NA,NA,NA,NA,NA
"ci1","Conditions of Childhood","composite_index","NA","Local Authority","Hampshire","time_period","2006 to 2011","zscore_category","15-30%",NA,NA,NA,NA,"2006 to 2011","0.943","NA","NA",NA,"z-score",NA,NA,NA,NA,NA
"ci1","Conditions of Childhood","composite_index","NA","Local Authority","Haringey","time_period","2006 to 2011","zscore_category","15-30%",NA,NA,NA,NA,"2006 to 2011","0.733","NA","NA",NA,"z-score",NA,NA,NA,NA,NA
"ci1","Conditions of Childhood","composite_index","NA","Local Authority","Harrow","time_period","2006 to 2011","zscore_category","15-30%",NA,NA,NA,NA,"2006 to 2011","0.889","NA","NA",NA,"z-score",NA,NA,NA,NA,NA
"ci1","Conditions of Childhood","composite_index","NA","Local Authority","Hartlepool","time_period","2006 to 2011","zscore_category","70-85%",NA,NA,NA,NA,"2006 to 2011","-0.753","NA","NA",NA,"z-score",NA,NA,NA,NA,NA
"ci1","Conditions of Childhood","composite_index","NA","Local Authority","Havering","time_period","2006 to 2011","zscore_category","30-70%",NA,NA,NA,NA,"2006 to 2011","-0.043","NA","NA",NA,"z-score",NA,NA,NA,NA,NA
"ci1","Conditions of Childhood","composite_index","NA","Local Authority","Herefordshire, County of","time_period","2006 to 2011","zscore_category","30-70%",NA,NA,NA,NA,"2006 to 2011","-0.272","NA","NA",NA,"z-score",NA,NA,NA,NA,NA
"ci1","Conditions of Childhood","composite_index","NA","Local Authority","Hertfordshire CC","time_period","2006 to 2011","zscore_category","Top 5%",NA,NA,NA,NA,"2006 to 2011","1.709","NA","NA",NA,"z-score",NA,NA,NA,NA,NA
"ci1","Conditions of Childhood","composite_index","NA","Local Authority","Highland","time_period","2006 to 2011","zscore_category","30-70%",NA,NA,NA,NA,"2006 to 2011","0.013","NA","NA",NA,"z-score",NA,NA,NA,NA,NA
"ci1","Conditions of Childhood","composite_index","NA","Local Authority","Hillingdon","time_period","2006 to 2011","zscore_category","30-70%",NA,NA,NA,NA,"2006 to 2011","0.095","NA","NA",NA,"z-score",NA,NA,NA,NA,NA
"ci1","Conditions of Childhood","composite_index","NA","Local Authority","Hounslow","time_period","2006 to 2011","zscore_category","30-70%",NA,NA,NA,NA,"2006 to 2011","0.449","NA","NA",NA,"z-score",NA,NA,NA,NA,NA
"ci1","Conditions of Childhood","composite_index","NA","Local Authority","Inverclyde","time_period","2006 to 2011","zscore_category","70-85%",NA,NA,NA,NA,"2006 to 2011","-0.879","NA","NA",NA,"z-score",NA,NA,NA,NA,NA
"ci1","Conditions of Childhood","composite_index","NA","Local Authority","Isle of Anglesey","time_period","2006 to 2011","zscore_category","85-95%",NA,NA,NA,NA,"2006 to 2011","-1.009","NA","NA",NA,"z-score",NA,NA,NA,NA,NA
"ci1","Conditions of Childhood","composite_index","NA","Local Authority","Isle of Wight","time_period","2006 to 2011","zscore_category","70-85%",NA,NA,NA,NA,"2006 to 2011","-0.921","NA","NA",NA,"z-score",NA,NA,NA,NA,NA
"ci1","Conditions of Childhood","composite_index","NA","Local Authority","Islington","time_period","2006 to 2011","zscore_category","5-15%",NA,NA,NA,NA,"2006 to 2011","1.490","NA","NA",NA,"z-score",NA,NA,NA,NA,NA
"ci1","Conditions of Childhood","composite_index","NA","Local Authority","Kensington and Chelsea","time_period","2006 to 2011","zscore_category","Top 5%",NA,NA,NA,NA,"2006 to 2011","2.391","NA","NA",NA,"z-score",NA,NA,NA,NA,NA
"ci1","Conditions of Childhood","composite_index","NA","Local Authority","Kent","time_period","2006 to 2011","zscore_category","30-70%",NA,NA,NA,NA,"2006 to 2011","0.298","NA","NA",NA,"z-score",NA,NA,NA,NA,NA
"ci1","Conditions of Childhood","composite_index","NA","Local Authority","Kingston upon Hull, City of","time_period","2006 to 2011","zscore_category","Bottom 5%",NA,NA,NA,NA,"2006 to 2011","-1.911","NA","NA",NA,"z-score",NA,NA,NA,NA,NA
"ci1","Conditions of Childhood","composite_index","NA","Local Authority","Kingston upon Thames","time_period","2006 to 2011","zscore_category","Top 5%",NA,NA,NA,NA,"2006 to 2011","2.296","NA","NA",NA,"z-score",NA,NA,NA,NA,NA
"ci1","Conditions of Childhood","composite_index","NA","Local Authority","Kirklees","time_period","2006 to 2011","zscore_category","30-70%",NA,NA,NA,NA,"2006 to 2011","-0.323","NA","NA",NA,"z-score",NA,NA,NA,NA,NA
"ci1","Conditions of Childhood","composite_index","NA","Local Authority","Knowsley","time_period","2006 to 2011","zscore_category","85-95%",NA,NA,NA,NA,"2006 to 2011","-1.473","NA","NA",NA,"z-score",NA,NA,NA,NA,NA
"ci1","Conditions of Childhood","composite_index","NA","Local Authority","Lambeth","time_period","2006 to 2011","zscore_category","15-30%",NA,NA,NA,NA,"2006 to 2011","0.720","NA","NA",NA,"z-score",NA,NA,NA,NA,NA
"ci1","Conditions of Childhood","composite_index","NA","Local Authority","Lancashire","time_period","2006 to 2011","zscore_category","30-70%",NA,NA,NA,NA,"2006 to 2011","-0.177","NA","NA",NA,"z-score",NA,NA,NA,NA,NA
"ci1","Conditions of Childhood","composite_index","NA","Local Authority","Leeds","time_period","2006 to 2011","zscore_category","30-70%",NA,NA,NA,NA,"2006 to 2011","0.038","NA","NA",NA,"z-score",NA,NA,NA,NA,NA
"ci1","Conditions of Childhood","composite_index","NA","Local Authority","Leicester","time_period","2006 to 2011","zscore_category","85-95%",NA,NA,NA,NA,"2006 to 2011","-1.485","NA","NA",NA,"z-score",NA,NA,NA,NA,NA
"ci1","Conditions of Childhood","composite_index","NA","Local Authority","Leicestershire CC","time_period","2006 to 2011","zscore_category","30-70%",NA,NA,NA,NA,"2006 to 2011","0.474","NA","NA",NA,"z-score",NA,NA,NA,NA,NA
"ci1","Conditions of Childhood","composite_index","NA","Local Authority","Lewisham","time_period","2006 to 2011","zscore_category","15-30%",NA,NA,NA,NA,"2006 to 2011","0.765","NA","NA",NA,"z-score",NA,NA,NA,NA,NA
"ci1","Conditions of Childhood","composite_index","NA","Local Authority","Lincolnshire CC","time_period","2006 to 2011","zscore_category","30-70%",NA,NA,NA,NA,"2006 to 2011","-0.327","NA","NA",NA,"z-score",NA,NA,NA,NA,NA
"ci1","Conditions of Childhood","composite_index","NA","Local Authority","Liverpool","time_period","2006 to 2011","zscore_category","70-85%",NA,NA,NA,NA,"2006 to 2011","-0.962","NA","NA",NA,"z-score",NA,NA,NA,NA,NA
"ci1","Conditions of Childhood","composite_index","NA","Local Authority","Luton","time_period","2006 to 2011","zscore_category","85-95%",NA,NA,NA,NA,"2006 to 2011","-1.162","NA","NA",NA,"z-score",NA,NA,NA,NA,NA
"ci1","Conditions of Childhood","composite_index","NA","Local Authority","Manchester","time_period","2006 to 2011","zscore_category","85-95%",NA,NA,NA,NA,"2006 to 2011","-1.050","NA","NA",NA,"z-score",NA,NA,NA,NA,NA
"ci1","Conditions of Childhood","composite_index","NA","Local Authority","Medway","time_period","2006 to 2011","zscore_category","70-85%",NA,NA,NA,NA,"2006 to 2011","-0.754","NA","NA",NA,"z-score",NA,NA,NA,NA,NA
"ci1","Conditions of Childhood","composite_index","NA","Local Authority","Merthyr Tydfil","time_period","2006 to 2011","zscore_category","Bottom 5%",NA,NA,NA,NA,"2006 to 2011","-1.543","NA","NA",NA,"z-score",NA,NA,NA,NA,NA
"ci1","Conditions of Childhood","composite_index","NA","Local Authority","Merton","time_period","2006 to 2011","zscore_category","5-15%",NA,NA,NA,NA,"2006 to 2011","1.204","NA","NA",NA,"z-score",NA,NA,NA,NA,NA
"ci1","Conditions of Childhood","composite_index","NA","Local Authority","Middlesbrough","time_period","2006 to 2011","zscore_category","85-95%",NA,NA,NA,NA,"2006 to 2011","-1.137","NA","NA",NA,"z-score",NA,NA,NA,NA,NA
"ci1","Conditions of Childhood","composite_index","NA","Local Authority","Midlothian","time_period","2006 to 2011","zscore_category","30-70%",NA,NA,NA,NA,"2006 to 2011","0.013","NA","NA",NA,"z-score",NA,NA,NA,NA,NA
"ci1","Conditions of Childhood","composite_index","NA","Local Authority","Milton Keynes","time_period","2006 to 2011","zscore_category","30-70%",NA,NA,NA,NA,"2006 to 2011","0.402","NA","NA",NA,"z-score",NA,NA,NA,NA,NA
"ci1","Conditions of Childhood","composite_index","NA","Local Authority","Monmouthshire","time_period","2006 to 2011","zscore_category","15-30%",NA,NA,NA,NA,"2006 to 2011","0.723","NA","NA",NA,"z-score",NA,NA,NA,NA,NA
"ci1","Conditions of Childhood","composite_index","NA","Local Authority","Moray","time_period","2006 to 2011","zscore_category","70-85%",NA,NA,NA,NA,"2006 to 2011","-0.529","NA","NA",NA,"z-score",NA,NA,NA,NA,NA
"ci1","Conditions of Childhood","composite_index","NA","Local Authority","Na h-Eileanan Siar","time_period","2006 to 2011","zscore_category","30-70%",NA,NA,NA,NA,"2006 to 2011","-0.082","NA","NA",NA,"z-score",NA,NA,NA,NA,NA
"ci1","Conditions of Childhood","composite_index","NA","Local Authority","Neath Port Talbot","time_period","2006 to 2011","zscore_category","85-95%",NA,NA,NA,NA,"2006 to 2011","-1.271","NA","NA",NA,"z-score",NA,NA,NA,NA,NA
"ci1","Conditions of Childhood","composite_index","NA","Local Authority","Newcastle upon Tyne","time_period","2006 to 2011","zscore_category","70-85%",NA,NA,NA,NA,"2006 to 2011","-0.509","NA","NA",NA,"z-score",NA,NA,NA,NA,NA
"ci1","Conditions of Childhood","composite_index","NA","Local Authority","Newham","time_period","2006 to 2011","zscore_category","Bottom 5%",NA,NA,NA,NA,"2006 to 2011","-1.616","NA","NA",NA,"z-score",NA,NA,NA,NA,NA
"ci1","Conditions of Childhood","composite_index","NA","Local Authority","Newport","time_period","2006 to 2011","zscore_category","30-70%",NA,NA,NA,NA,"2006 to 2011","-0.177","NA","NA",NA,"z-score",NA,NA,NA,NA,NA
"ci1","Conditions of Childhood","composite_index","NA","Local Authority","North Ayrshire mainland","time_period","2006 to 2011","zscore_category","85-95%",NA,NA,NA,NA,"2006 to 2011","-1.306","NA","NA",NA,"z-score",NA,NA,NA,NA,NA
"ci1","Conditions of Childhood","composite_index","NA","Local Authority","North East Lincolnshire","time_period","2006 to 2011","zscore_category","85-95%",NA,NA,NA,NA,"2006 to 2011","-1.310","NA","NA",NA,"z-score",NA,NA,NA,NA,NA
"ci1","Conditions of Childhood","composite_index","NA","Local Authority","North Lanarkshire","time_period","2006 to 2011","zscore_category","70-85%",NA,NA,NA,NA,"2006 to 2011","-0.574","NA","NA",NA,"z-score",NA,NA,NA,NA,NA
"ci1","Conditions of Childhood","composite_index","NA","Local Authority","North Lincolnshire","time_period","2006 to 2011","zscore_category","85-95%",NA,NA,NA,NA,"2006 to 2011","-1.098","NA","NA",NA,"z-score",NA,NA,NA,NA,NA
"ci1","Conditions of Childhood","composite_index","NA","Local Authority","North Northamptonshire","time_period","2006 to 2011","zscore_category","30-70%",NA,NA,NA,NA,"2006 to 2011","-0.374","NA","NA",NA,"z-score",NA,NA,NA,NA,NA
"ci1","Conditions of Childhood","composite_index","NA","Local Authority","North Somerset","time_period","2006 to 2011","zscore_category","15-30%",NA,NA,NA,NA,"2006 to 2011","0.756","NA","NA",NA,"z-score",NA,NA,NA,NA,NA
"ci1","Conditions of Childhood","composite_index","NA","Local Authority","North Tyneside","time_period","2006 to 2011","zscore_category","30-70%",NA,NA,NA,NA,"2006 to 2011","-0.112","NA","NA",NA,"z-score",NA,NA,NA,NA,NA
"ci1","Conditions of Childhood","composite_index","NA","Local Authority","North Yorkshire CC","time_period","2006 to 2011","zscore_category","30-70%",NA,NA,NA,NA,"2006 to 2011","0.385","NA","NA",NA,"z-score",NA,NA,NA,NA,NA
"ci1","Conditions of Childhood","composite_index","NA","Local Authority","Northern Ireland","time_period","2006 to 2011","zscore_category","30-70%",NA,NA,NA,NA,"2006 to 2011","-0.489","NA","NA",NA,"z-score",NA,NA,NA,NA,NA
"ci1","Conditions of Childhood","composite_index","NA","Local Authority","Northumberland","time_period","2006 to 2011","zscore_category","30-70%",NA,NA,NA,NA,"2006 to 2011","0.249","NA","NA",NA,"z-score",NA,NA,NA,NA,NA
"ci1","Conditions of Childhood","composite_index","NA","Local Authority","Norwich and Norfolk","time_period","2006 to 2011","zscore_category","30-70%",NA,NA,NA,NA,"2006 to 2011","-0.297","NA","NA",NA,"z-score",NA,NA,NA,NA,NA
"ci1","Conditions of Childhood","composite_index","NA","Local Authority","Nottingham","time_period","2006 to 2011","zscore_category","85-95%",NA,NA,NA,NA,"2006 to 2011","-1.050","NA","NA",NA,"z-score",NA,NA,NA,NA,NA
"ci1","Conditions of Childhood","composite_index","NA","Local Authority","Nottinghamshire","time_period","2006 to 2011","zscore_category","30-70%",NA,NA,NA,NA,"2006 to 2011","0.077","NA","NA",NA,"z-score",NA,NA,NA,NA,NA
"ci1","Conditions of Childhood","composite_index","NA","Local Authority","Oldham","time_period","2006 to 2011","zscore_category","85-95%",NA,NA,NA,NA,"2006 to 2011","-1.041","NA","NA",NA,"z-score",NA,NA,NA,NA,NA
"ci1","Conditions of Childhood","composite_index","NA","Local Authority","Orkney Islands","time_period","2006 to 2011","zscore_category","70-85%",NA,NA,NA,NA,"2006 to 2011","-0.505","NA","NA",NA,"z-score",NA,NA,NA,NA,NA
"ci1","Conditions of Childhood","composite_index","NA","Local Authority","Oxfordshire CC","time_period","2006 to 2011","zscore_category","5-15%",NA,NA,NA,NA,"2006 to 2011","1.350","NA","NA",NA,"z-score",NA,NA,NA,NA,NA
"ci1","Conditions of Childhood","composite_index","NA","Local Authority","Pembrokeshire","time_period","2006 to 2011","zscore_category","85-95%",NA,NA,NA,NA,"2006 to 2011","-1.209","NA","NA",NA,"z-score",NA,NA,NA,NA,NA
"ci1","Conditions of Childhood","composite_index","NA","Local Authority","Perth and Kinross","time_period","2006 to 2011","zscore_category","30-70%",NA,NA,NA,NA,"2006 to 2011","0.220","NA","NA",NA,"z-score",NA,NA,NA,NA,NA
"ci1","Conditions of Childhood","composite_index","NA","Local Authority","Peterborough","time_period","2006 to 2011","zscore_category","70-85%",NA,NA,NA,NA,"2006 to 2011","-0.800","NA","NA",NA,"z-score",NA,NA,NA,NA,NA
"ci1","Conditions of Childhood","composite_index","NA","Local Authority","Plymouth","time_period","2006 to 2011","zscore_category","70-85%",NA,NA,NA,NA,"2006 to 2011","-0.834","NA","NA",NA,"z-score",NA,NA,NA,NA,NA
"ci1","Conditions of Childhood","composite_index","NA","Local Authority","Portsmouth","time_period","2006 to 2011","zscore_category","30-70%",NA,NA,NA,NA,"2006 to 2011","-0.342","NA","NA",NA,"z-score",NA,NA,NA,NA,NA
"ci1","Conditions of Childhood","composite_index","NA","Local Authority","Powys","time_period","2006 to 2011","zscore_category","30-70%",NA,NA,NA,NA,"2006 to 2011","-0.305","NA","NA",NA,"z-score",NA,NA,NA,NA,NA
"ci1","Conditions of Childhood","composite_index","NA","Local Authority","Reading","time_period","2006 to 2011","zscore_category","15-30%",NA,NA,NA,NA,"2006 to 2011","0.715","NA","NA",NA,"z-score",NA,NA,NA,NA,NA
"ci1","Conditions of Childhood","composite_index","NA","Local Authority","Redbridge","time_period","2006 to 2011","zscore_category","15-30%",NA,NA,NA,NA,"2006 to 2011","0.924","NA","NA",NA,"z-score",NA,NA,NA,NA,NA
"ci1","Conditions of Childhood","composite_index","NA","Local Authority","Redcar and Cleveland","time_period","2006 to 2011","zscore_category","85-95%",NA,NA,NA,NA,"2006 to 2011","-1.132","NA","NA",NA,"z-score",NA,NA,NA,NA,NA
"ci1","Conditions of Childhood","composite_index","NA","Local Authority","Renfrewshire","time_period","2006 to 2011","zscore_category","30-70%",NA,NA,NA,NA,"2006 to 2011","-0.061","NA","NA",NA,"z-score",NA,NA,NA,NA,NA
"ci1","Conditions of Childhood","composite_index","NA","Local Authority","Rhondda Cynon Taf","time_period","2006 to 2011","zscore_category","70-85%",NA,NA,NA,NA,"2006 to 2011","-0.995","NA","NA",NA,"z-score",NA,NA,NA,NA,NA
"ci1","Conditions of Childhood","composite_index","NA","Local Authority","Richmond upon Thames","time_period","2006 to 2011","zscore_category","Top 5%",NA,NA,NA,NA,"2006 to 2011","3.855","NA","NA",NA,"z-score",NA,NA,NA,NA,NA
"ci1","Conditions of Childhood","composite_index","NA","Local Authority","Rochdale","time_period","2006 to 2011","zscore_category","70-85%",NA,NA,NA,NA,"2006 to 2011","-0.670","NA","NA",NA,"z-score",NA,NA,NA,NA,NA
"ci1","Conditions of Childhood","composite_index","NA","Local Authority","Rotherham","time_period","2006 to 2011","zscore_category","85-95%",NA,NA,NA,NA,"2006 to 2011","-1.204","NA","NA",NA,"z-score",NA,NA,NA,NA,NA
"ci1","Conditions of Childhood","composite_index","NA","Local Authority","Rutland","time_period","2006 to 2011","zscore_category","15-30%",NA,NA,NA,NA,"2006 to 2011","0.791","NA","NA",NA,"z-score",NA,NA,NA,NA,NA
"ci1","Conditions of Childhood","composite_index","NA","Local Authority","Salford","time_period","2006 to 2011","zscore_category","70-85%",NA,NA,NA,NA,"2006 to 2011","-0.657","NA","NA",NA,"z-score",NA,NA,NA,NA,NA
"ci1","Conditions of Childhood","composite_index","NA","Local Authority","Sandwell","time_period","2006 to 2011","zscore_category","85-95%",NA,NA,NA,NA,"2006 to 2011","-1.490","NA","NA",NA,"z-score",NA,NA,NA,NA,NA
"ci1","Conditions of Childhood","composite_index","NA","Local Authority","Scottish Borders","time_period","2006 to 2011","zscore_category","30-70%",NA,NA,NA,NA,"2006 to 2011","0.018","NA","NA",NA,"z-score",NA,NA,NA,NA,NA
"ci1","Conditions of Childhood","composite_index","NA","Local Authority","Sefton","time_period","2006 to 2011","zscore_category","30-70%",NA,NA,NA,NA,"2006 to 2011","-0.175","NA","NA",NA,"z-score",NA,NA,NA,NA,NA
"ci1","Conditions of Childhood","composite_index","NA","Local Authority","Sheffield","time_period","2006 to 2011","zscore_category","30-70%",NA,NA,NA,NA,"2006 to 2011","-0.330","NA","NA",NA,"z-score",NA,NA,NA,NA,NA
"ci1","Conditions of Childhood","composite_index","NA","Local Authority","Shetland Islands","time_period","2006 to 2011","zscore_category","15-30%",NA,NA,NA,NA,"2006 to 2011","0.604","NA","NA",NA,"z-score",NA,NA,NA,NA,NA
"ci1","Conditions of Childhood","composite_index","NA","Local Authority","Shropshire","time_period","2006 to 2011","zscore_category","30-70%",NA,NA,NA,NA,"2006 to 2011","0.137","NA","NA",NA,"z-score",NA,NA,NA,NA,NA
"ci1","Conditions of Childhood","composite_index","NA","Local Authority","Slough","time_period","2006 to 2011","zscore_category","30-70%",NA,NA,NA,NA,"2006 to 2011","-0.293","NA","NA",NA,"z-score",NA,NA,NA,NA,NA
"ci1","Conditions of Childhood","composite_index","NA","Local Authority","Solihull","time_period","2006 to 2011","zscore_category","5-15%",NA,NA,NA,NA,"2006 to 2011","1.026","NA","NA",NA,"z-score",NA,NA,NA,NA,NA
"ci1","Conditions of Childhood","composite_index","NA","Local Authority","Somerset CC","time_period","2006 to 2011","zscore_category","30-70%",NA,NA,NA,NA,"2006 to 2011","-0.163","NA","NA",NA,"z-score",NA,NA,NA,NA,NA
"ci1","Conditions of Childhood","composite_index","NA","Local Authority","South Ayrshire","time_period","2006 to 2011","zscore_category","30-70%",NA,NA,NA,NA,"2006 to 2011","0.039","NA","NA",NA,"z-score",NA,NA,NA,NA,NA
"ci1","Conditions of Childhood","composite_index","NA","Local Authority","South Gloucestershire","time_period","2006 to 2011","zscore_category","15-30%",NA,NA,NA,NA,"2006 to 2011","0.550","NA","NA",NA,"z-score",NA,NA,NA,NA,NA
"ci1","Conditions of Childhood","composite_index","NA","Local Authority","South Lanarkshire","time_period","2006 to 2011","zscore_category","30-70%",NA,NA,NA,NA,"2006 to 2011","0.176","NA","NA",NA,"z-score",NA,NA,NA,NA,NA
"ci1","Conditions of Childhood","composite_index","NA","Local Authority","South Tyneside","time_period","2006 to 2011","zscore_category","70-85%",NA,NA,NA,NA,"2006 to 2011","-0.872","NA","NA",NA,"z-score",NA,NA,NA,NA,NA
"ci1","Conditions of Childhood","composite_index","NA","Local Authority","Southampton","time_period","2006 to 2011","zscore_category","30-70%",NA,NA,NA,NA,"2006 to 2011","-0.175","NA","NA",NA,"z-score",NA,NA,NA,NA,NA
"ci1","Conditions of Childhood","composite_index","NA","Local Authority","Southend-on-Sea","time_period","2006 to 2011","zscore_category","30-70%",NA,NA,NA,NA,"2006 to 2011","0.031","NA","NA",NA,"z-score",NA,NA,NA,NA,NA
"ci1","Conditions of Childhood","composite_index","NA","Local Authority","Southwark","time_period","2006 to 2011","zscore_category","30-70%",NA,NA,NA,NA,"2006 to 2011","0.373","NA","NA",NA,"z-score",NA,NA,NA,NA,NA
"ci1","Conditions of Childhood","composite_index","NA","Local Authority","St Helens","time_period","2006 to 2011","zscore_category","85-95%",NA,NA,NA,NA,"2006 to 2011","-1.209","NA","NA",NA,"z-score",NA,NA,NA,NA,NA
"ci1","Conditions of Childhood","composite_index","NA","Local Authority","Staffordshire CC","time_period","2006 to 2011","zscore_category","30-70%",NA,NA,NA,NA,"2006 to 2011","0.158","NA","NA",NA,"z-score",NA,NA,NA,NA,NA
"ci1","Conditions of Childhood","composite_index","NA","Local Authority","Stirling","time_period","2006 to 2011","zscore_category","Top 5%",NA,NA,NA,NA,"2006 to 2011","1.603","NA","NA",NA,"z-score",NA,NA,NA,NA,NA
"ci1","Conditions of Childhood","composite_index","NA","Local Authority","Stockport","time_period","2006 to 2011","zscore_category","5-15%",NA,NA,NA,NA,"2006 to 2011","1.057","NA","NA",NA,"z-score",NA,NA,NA,NA,NA
"ci1","Conditions of Childhood","composite_index","NA","Local Authority","Stockton-on-Tees","time_period","2006 to 2011","zscore_category","70-85%",NA,NA,NA,NA,"2006 to 2011","-0.827","NA","NA",NA,"z-score",NA,NA,NA,NA,NA
"ci1","Conditions of Childhood","composite_index","NA","Local Authority","Stoke-on-Trent","time_period","2006 to 2011","zscore_category","Bottom 5%",NA,NA,NA,NA,"2006 to 2011","-1.588","NA","NA",NA,"z-score",NA,NA,NA,NA,NA
"ci1","Conditions of Childhood","composite_index","NA","Local Authority","Suffolk CC","time_period","2006 to 2011","zscore_category","30-70%",NA,NA,NA,NA,"2006 to 2011","-0.128","NA","NA",NA,"z-score",NA,NA,NA,NA,NA
"ci1","Conditions of Childhood","composite_index","NA","Local Authority","Sunderland","time_period","2006 to 2011","zscore_category","85-95%",NA,NA,NA,NA,"2006 to 2011","-1.097","NA","NA",NA,"z-score",NA,NA,NA,NA,NA
"ci1","Conditions of Childhood","composite_index","NA","Local Authority","Surrey","time_period","2006 to 2011","zscore_category","Top 5%",NA,NA,NA,NA,"2006 to 2011","2.188","NA","NA",NA,"z-score",NA,NA,NA,NA,NA
"ci1","Conditions of Childhood","composite_index","NA","Local Authority","Sutton","time_period","2006 to 2011","zscore_category","15-30%",NA,NA,NA,NA,"2006 to 2011","0.851","NA","NA",NA,"z-score",NA,NA,NA,NA,NA
"ci1","Conditions of Childhood","composite_index","NA","Local Authority","Swansea","time_period","2006 to 2011","zscore_category","30-70%",NA,NA,NA,NA,"2006 to 2011","-0.052","NA","NA",NA,"z-score",NA,NA,NA,NA,NA
"ci1","Conditions of Childhood","composite_index","NA","Local Authority","Swindon","time_period","2006 to 2011","zscore_category","30-70%",NA,NA,NA,NA,"2006 to 2011","0.020","NA","NA",NA,"z-score",NA,NA,NA,NA,NA
"ci1","Conditions of Childhood","composite_index","NA","Local Authority","Tameside","time_period","2006 to 2011","zscore_category","70-85%",NA,NA,NA,NA,"2006 to 2011","-0.936","NA","NA",NA,"z-score",NA,NA,NA,NA,NA
"ci1","Conditions of Childhood","composite_index","NA","Local Authority","Telford and Wrekin","time_period","2006 to 2011","zscore_category","70-85%",NA,NA,NA,NA,"2006 to 2011","-0.775","NA","NA",NA,"z-score",NA,NA,NA,NA,NA
"ci1","Conditions of Childhood","composite_index","NA","Local Authority","Thurrock","time_period","2006 to 2011","zscore_category","70-85%",NA,NA,NA,NA,"2006 to 2011","-0.545","NA","NA",NA,"z-score",NA,NA,NA,NA,NA
"ci1","Conditions of Childhood","composite_index","NA","Local Authority","Torbay","time_period","2006 to 2011","zscore_category","70-85%",NA,NA,NA,NA,"2006 to 2011","-0.670","NA","NA",NA,"z-score",NA,NA,NA,NA,NA
"ci1","Conditions of Childhood","composite_index","NA","Local Authority","Torfaen","time_period","2006 to 2011","zscore_category","85-95%",NA,NA,NA,NA,"2006 to 2011","-1.251","NA","NA",NA,"z-score",NA,NA,NA,NA,NA
"ci1","Conditions of Childhood","composite_index","NA","Local Authority","Tower Hamlets","time_period","2006 to 2011","zscore_category","Bottom 5%",NA,NA,NA,NA,"2006 to 2011","-1.523","NA","NA",NA,"z-score",NA,NA,NA,NA,NA
"ci1","Conditions of Childhood","composite_index","NA","Local Authority","Trafford","time_period","2006 to 2011","zscore_category","5-15%",NA,NA,NA,NA,"2006 to 2011","1.417","NA","NA",NA,"z-score",NA,NA,NA,NA,NA
"ci1","Conditions of Childhood","composite_index","NA","Local Authority","Vale of Glamorgan","time_period","2006 to 2011","zscore_category","15-30%",NA,NA,NA,NA,"2006 to 2011","0.587","NA","NA",NA,"z-score",NA,NA,NA,NA,NA
"ci1","Conditions of Childhood","composite_index","NA","Local Authority","Wakefield","time_period","2006 to 2011","zscore_category","85-95%",NA,NA,NA,NA,"2006 to 2011","-1.228","NA","NA",NA,"z-score",NA,NA,NA,NA,NA
"ci1","Conditions of Childhood","composite_index","NA","Local Authority","Walsall","time_period","2006 to 2011","zscore_category","85-95%",NA,NA,NA,NA,"2006 to 2011","-1.260","NA","NA",NA,"z-score",NA,NA,NA,NA,NA
"ci1","Conditions of Childhood","composite_index","NA","Local Authority","Waltham Forest","time_period","2006 to 2011","zscore_category","30-70%",NA,NA,NA,NA,"2006 to 2011","-0.349","NA","NA",NA,"z-score",NA,NA,NA,NA,NA
"ci1","Conditions of Childhood","composite_index","NA","Local Authority","Wandsworth","time_period","2006 to 2011","zscore_category","Top 5%",NA,NA,NA,NA,"2006 to 2011","2.435","NA","NA",NA,"z-score",NA,NA,NA,NA,NA
"ci1","Conditions of Childhood","composite_index","NA","Local Authority","Warrington","time_period","2006 to 2011","zscore_category","15-30%",NA,NA,NA,NA,"2006 to 2011","0.903","NA","NA",NA,"z-score",NA,NA,NA,NA,NA
"ci1","Conditions of Childhood","composite_index","NA","Local Authority","Warwickshire CC","time_period","2006 to 2011","zscore_category","15-30%",NA,NA,NA,NA,"2006 to 2011","0.547","NA","NA",NA,"z-score",NA,NA,NA,NA,NA
"ci1","Conditions of Childhood","composite_index","NA","Local Authority","West Berkshire","time_period","2006 to 2011","zscore_category","5-15%",NA,NA,NA,NA,"2006 to 2011","1.126","NA","NA",NA,"z-score",NA,NA,NA,NA,NA
"ci1","Conditions of Childhood","composite_index","NA","Local Authority","West Dunbartonshire","time_period","2006 to 2011","zscore_category","70-85%",NA,NA,NA,NA,"2006 to 2011","-0.630","NA","NA",NA,"z-score",NA,NA,NA,NA,NA
"ci1","Conditions of Childhood","composite_index","NA","Local Authority","West Lothian","time_period","2006 to 2011","zscore_category","30-70%",NA,NA,NA,NA,"2006 to 2011","0.363","NA","NA",NA,"z-score",NA,NA,NA,NA,NA
"ci1","Conditions of Childhood","composite_index","NA","Local Authority","West Northamptonshire","time_period","2006 to 2011","zscore_category","15-30%",NA,NA,NA,NA,"2006 to 2011","0.621","NA","NA",NA,"z-score",NA,NA,NA,NA,NA
"ci1","Conditions of Childhood","composite_index","NA","Local Authority","West Sussex","time_period","2006 to 2011","zscore_category","15-30%",NA,NA,NA,NA,"2006 to 2011","0.687","NA","NA",NA,"z-score",NA,NA,NA,NA,NA
"ci1","Conditions of Childhood","composite_index","NA","Local Authority","Westminster","time_period","2006 to 2011","zscore_category","5-15%",NA,NA,NA,NA,"2006 to 2011","1.047","NA","NA",NA,"z-score",NA,NA,NA,NA,NA
"ci1","Conditions of Childhood","composite_index","NA","Local Authority","Wigan","time_period","2006 to 2011","zscore_category","30-70%",NA,NA,NA,NA,"2006 to 2011","-0.446","NA","NA",NA,"z-score",NA,NA,NA,NA,NA
"ci1","Conditions of Childhood","composite_index","NA","Local Authority","Wiltshire","time_period","2006 to 2011","zscore_category","15-30%",NA,NA,NA,NA,"2006 to 2011","0.640","NA","NA",NA,"z-score",NA,NA,NA,NA,NA
"ci1","Conditions of Childhood","composite_index","NA","Local Authority","Windsor and Maidenhead","time_period","2006 to 2011","zscore_category","Top 5%",NA,NA,NA,NA,"2006 to 2011","1.951","NA","NA",NA,"z-score",NA,NA,NA,NA,NA
"ci1","Conditions of Childhood","composite_index","NA","Local Authority","Wirral","time_period","2006 to 2011","zscore_category","30-70%",NA,NA,NA,NA,"2006 to 2011","0.013","NA","NA",NA,"z-score",NA,NA,NA,NA,NA
"ci1","Conditions of Childhood","composite_index","NA","Local Authority","Wokingham","time_period","2006 to 2011","zscore_category","Top 5%",NA,NA,NA,NA,"2006 to 2011","2.453","NA","NA",NA,"z-score",NA,NA,NA,NA,NA
"ci1","Conditions of Childhood","composite_index","NA","Local Authority","Wolverhampton","time_period","2006 to 2011","zscore_category","85-95%",NA,NA,NA,NA,"2006 to 2011","-1.050","NA","NA",NA,"z-score",NA,NA,NA,NA,NA
"ci1","Conditions of Childhood","composite_index","NA","Local Authority","Worcestershire CC","time_period","2006 to 2011","zscore_category","30-70%",NA,NA,NA,NA,"2006 to 2011","0.313","NA","NA",NA,"z-score",NA,NA,NA,NA,NA
"ci1","Conditions of Childhood","composite_index","NA","Local Authority","Wrexham","time_period","2006 to 2011","zscore_category","85-95%",NA,NA,NA,NA,"2006 to 2011","-1.115","NA","NA",NA,"z-score",NA,NA,NA,NA,NA
"ci1","Conditions of Childhood","composite_index","NA","Local Authority","York","time_period","2006 to 2011","zscore_category","15-30%",NA,NA,NA,NA,"2006 to 2011","0.864","NA","NA",NA,"z-score",NA,NA,NA,NA,NA
"ci1","Conditions of Childhood","composite_index","NA","Local Authority","Aberdeen City","time_period","2012 to 2017","zscore_category","15-30%",NA,NA,NA,NA,"2012 to 2017","0.521","NA","NA",NA,"z-score",NA,NA,NA,NA,NA
"ci1","Conditions of Childhood","composite_index","NA","Local Authority","Aberdeenshire","time_period","2012 to 2017","zscore_category","30-70%",NA,NA,NA,NA,"2012 to 2017","-0.108","NA","NA",NA,"z-score",NA,NA,NA,NA,NA
"ci1","Conditions of Childhood","composite_index","NA","Local Authority","Angus","time_period","2012 to 2017","zscore_category","30-70%",NA,NA,NA,NA,"2012 to 2017","-0.082","NA","NA",NA,"z-score",NA,NA,NA,NA,NA
"ci1","Conditions of Childhood","composite_index","NA","Local Authority","Argyll and Bute Islands","time_period","2012 to 2017","zscore_category","30-70%",NA,NA,NA,NA,"2012 to 2017","0.213","NA","NA",NA,"z-score",NA,NA,NA,NA,NA
"ci1","Conditions of Childhood","composite_index","NA","Local Authority","Barking and Dagenham","time_period","2012 to 2017","zscore_category","85-95%",NA,NA,NA,NA,"2012 to 2017","-1.084","NA","NA",NA,"z-score",NA,NA,NA,NA,NA
"ci1","Conditions of Childhood","composite_index","NA","Local Authority","Barnet","time_period","2012 to 2017","zscore_category","Top 5%",NA,NA,NA,NA,"2012 to 2017","1.722","NA","NA",NA,"z-score",NA,NA,NA,NA,NA
"ci1","Conditions of Childhood","composite_index","NA","Local Authority","Barnsley","time_period","2012 to 2017","zscore_category","85-95%",NA,NA,NA,NA,"2012 to 2017","-1.243","NA","NA",NA,"z-score",NA,NA,NA,NA,NA
"ci1","Conditions of Childhood","composite_index","NA","Local Authority","Bath and North East Somerset","time_period","2012 to 2017","zscore_category","5-15%",NA,NA,NA,NA,"2012 to 2017","1.167","NA","NA",NA,"z-score",NA,NA,NA,NA,NA
"ci1","Conditions of Childhood","composite_index","NA","Local Authority","Bedford","time_period","2012 to 2017","zscore_category","5-15%",NA,NA,NA,NA,"2012 to 2017","1.048","NA","NA",NA,"z-score",NA,NA,NA,NA,NA
"ci1","Conditions of Childhood","composite_index","NA","Local Authority","Bexley","time_period","2012 to 2017","zscore_category","30-70%",NA,NA,NA,NA,"2012 to 2017","0.091","NA","NA",NA,"z-score",NA,NA,NA,NA,NA
"ci1","Conditions of Childhood","composite_index","NA","Local Authority","Birmingham","time_period","2012 to 2017","zscore_category","85-95%",NA,NA,NA,NA,"2012 to 2017","-1.130","NA","NA",NA,"z-score",NA,NA,NA,NA,NA
"ci1","Conditions of Childhood","composite_index","NA","Local Authority","Blackburn with Darwen","time_period","2012 to 2017","zscore_category","85-95%",NA,NA,NA,NA,"2012 to 2017","-1.059","NA","NA",NA,"z-score",NA,NA,NA,NA,NA
"ci1","Conditions of Childhood","composite_index","NA","Local Authority","Blackpool","time_period","2012 to 2017","zscore_category","Bottom 5%",NA,NA,NA,NA,"2012 to 2017","-1.570","NA","NA",NA,"z-score",NA,NA,NA,NA,NA
"ci1","Conditions of Childhood","composite_index","NA","Local Authority","Blaenau Gwent","time_period","2012 to 2017","zscore_category","Bottom 5%",NA,NA,NA,NA,"2012 to 2017","-1.595","NA","NA",NA,"z-score",NA,NA,NA,NA,NA
"ci1","Conditions of Childhood","composite_index","NA","Local Authority","Bolton","time_period","2012 to 2017","zscore_category","70-85%",NA,NA,NA,NA,"2012 to 2017","-0.564","NA","NA",NA,"z-score",NA,NA,NA,NA,NA
"ci1","Conditions of Childhood","composite_index","NA","Local Authority","Bournemouth, Christchurch and Poole","time_period","2012 to 2017","zscore_category","30-70%",NA,NA,NA,NA,"2012 to 2017","0.211","NA","NA",NA,"z-score",NA,NA,NA,NA,NA
"ci1","Conditions of Childhood","composite_index","NA","Local Authority","Bracknell Forest","time_period","2012 to 2017","zscore_category","15-30%",NA,NA,NA,NA,"2012 to 2017","0.544","NA","NA",NA,"z-score",NA,NA,NA,NA,NA
"ci1","Conditions of Childhood","composite_index","NA","Local Authority","Bradford","time_period","2012 to 2017","zscore_category","85-95%",NA,NA,NA,NA,"2012 to 2017","-1.032","NA","NA",NA,"z-score",NA,NA,NA,NA,NA
"ci1","Conditions of Childhood","composite_index","NA","Local Authority","Brent","time_period","2012 to 2017","zscore_category","30-70%",NA,NA,NA,NA,"2012 to 2017","0.285","NA","NA",NA,"z-score",NA,NA,NA,NA,NA
"ci1","Conditions of Childhood","composite_index","NA","Local Authority","Bridgend","time_period","2012 to 2017","zscore_category","30-70%",NA,NA,NA,NA,"2012 to 2017","-0.225","NA","NA",NA,"z-score",NA,NA,NA,NA,NA
"ci1","Conditions of Childhood","composite_index","NA","Local Authority","Brighton and Hove","time_period","2012 to 2017","zscore_category","5-15%",NA,NA,NA,NA,"2012 to 2017","1.408","NA","NA",NA,"z-score",NA,NA,NA,NA,NA
"ci1","Conditions of Childhood","composite_index","NA","Local Authority","Bristol, City of","time_period","2012 to 2017","zscore_category","15-30%",NA,NA,NA,NA,"2012 to 2017","0.524","NA","NA",NA,"z-score",NA,NA,NA,NA,NA
"ci1","Conditions of Childhood","composite_index","NA","Local Authority","Bromley","time_period","2012 to 2017","zscore_category","Top 5%",NA,NA,NA,NA,"2012 to 2017","1.775","NA","NA",NA,"z-score",NA,NA,NA,NA,NA
"ci1","Conditions of Childhood","composite_index","NA","Local Authority","Buckinghamshire","time_period","2012 to 2017","zscore_category","Top 5%",NA,NA,NA,NA,"2012 to 2017","1.667","NA","NA",NA,"z-score",NA,NA,NA,NA,NA
"ci1","Conditions of Childhood","composite_index","NA","Local Authority","Bury","time_period","2012 to 2017","zscore_category","30-70%",NA,NA,NA,NA,"2012 to 2017","0.400","NA","NA",NA,"z-score",NA,NA,NA,NA,NA
"ci1","Conditions of Childhood","composite_index","NA","Local Authority","Caerphilly","time_period","2012 to 2017","zscore_category","70-85%",NA,NA,NA,NA,"2012 to 2017","-0.946","NA","NA",NA,"z-score",NA,NA,NA,NA,NA
"ci1","Conditions of Childhood","composite_index","NA","Local Authority","Calderdale","time_period","2012 to 2017","zscore_category","30-70%",NA,NA,NA,NA,"2012 to 2017","-0.260","NA","NA",NA,"z-score",NA,NA,NA,NA,NA
"ci1","Conditions of Childhood","composite_index","NA","Local Authority","Cambridgeshire CC","time_period","2012 to 2017","zscore_category","15-30%",NA,NA,NA,NA,"2012 to 2017","0.921","NA","NA",NA,"z-score",NA,NA,NA,NA,NA
"ci1","Conditions of Childhood","composite_index","NA","Local Authority","Camden and City of London","time_period","2012 to 2017","zscore_category","Top 5%",NA,NA,NA,NA,"2012 to 2017","2.178","NA","NA",NA,"z-score",NA,NA,NA,NA,NA
"ci1","Conditions of Childhood","composite_index","NA","Local Authority","Cardiff","time_period","2012 to 2017","zscore_category","15-30%",NA,NA,NA,NA,"2012 to 2017","0.626","NA","NA",NA,"z-score",NA,NA,NA,NA,NA
"ci1","Conditions of Childhood","composite_index","NA","Local Authority","Carmarthenshire","time_period","2012 to 2017","zscore_category","70-85%",NA,NA,NA,NA,"2012 to 2017","-0.696","NA","NA",NA,"z-score",NA,NA,NA,NA,NA
"ci1","Conditions of Childhood","composite_index","NA","Local Authority","Central Bedfordshire","time_period","2012 to 2017","zscore_category","15-30%",NA,NA,NA,NA,"2012 to 2017","0.513","NA","NA",NA,"z-score",NA,NA,NA,NA,NA
"ci1","Conditions of Childhood","composite_index","NA","Local Authority","Ceredigion","time_period","2012 to 2017","zscore_category","70-85%",NA,NA,NA,NA,"2012 to 2017","-0.575","NA","NA",NA,"z-score",NA,NA,NA,NA,NA
"ci1","Conditions of Childhood","composite_index","NA","Local Authority","Cheshire East","time_period","2012 to 2017","zscore_category","5-15%",NA,NA,NA,NA,"2012 to 2017","1.225","NA","NA",NA,"z-score",NA,NA,NA,NA,NA
"ci1","Conditions of Childhood","composite_index","NA","Local Authority","Cheshire West and Chester","time_period","2012 to 2017","zscore_category","15-30%",NA,NA,NA,NA,"2012 to 2017","0.704","NA","NA",NA,"z-score",NA,NA,NA,NA,NA
"ci1","Conditions of Childhood","composite_index","NA","Local Authority","City of Edinburgh","time_period","2012 to 2017","zscore_category","Top 5%",NA,NA,NA,NA,"2012 to 2017","1.724","NA","NA",NA,"z-score",NA,NA,NA,NA,NA
"ci1","Conditions of Childhood","composite_index","NA","Local Authority","Clackmannanshire","time_period","2012 to 2017","zscore_category","70-85%",NA,NA,NA,NA,"2012 to 2017","-0.667","NA","NA",NA,"z-score",NA,NA,NA,NA,NA
"ci1","Conditions of Childhood","composite_index","NA","Local Authority","Conwy","time_period","2012 to 2017","zscore_category","70-85%",NA,NA,NA,NA,"2012 to 2017","-0.860","NA","NA",NA,"z-score",NA,NA,NA,NA,NA
"ci1","Conditions of Childhood","composite_index","NA","Local Authority","Cornwall and Isles of Scilly","time_period","2012 to 2017","zscore_category","30-70%",NA,NA,NA,NA,"2012 to 2017","-0.454","NA","NA",NA,"z-score",NA,NA,NA,NA,NA
"ci1","Conditions of Childhood","composite_index","NA","Local Authority","Coventry","time_period","2012 to 2017","zscore_category","70-85%",NA,NA,NA,NA,"2012 to 2017","-0.709","NA","NA",NA,"z-score",NA,NA,NA,NA,NA
"ci1","Conditions of Childhood","composite_index","NA","Local Authority","Croydon","time_period","2012 to 2017","zscore_category","15-30%",NA,NA,NA,NA,"2012 to 2017","0.633","NA","NA",NA,"z-score",NA,NA,NA,NA,NA
"ci1","Conditions of Childhood","composite_index","NA","Local Authority","Cumbria","time_period","2012 to 2017","zscore_category","70-85%",NA,NA,NA,NA,"2012 to 2017","-0.587","NA","NA",NA,"z-score",NA,NA,NA,NA,NA
"ci1","Conditions of Childhood","composite_index","NA","Local Authority","Darlington","time_period","2012 to 2017","zscore_category","30-70%",NA,NA,NA,NA,"2012 to 2017","-0.204","NA","NA",NA,"z-score",NA,NA,NA,NA,NA
"ci1","Conditions of Childhood","composite_index","NA","Local Authority","Denbighshire","time_period","2012 to 2017","zscore_category","70-85%",NA,NA,NA,NA,"2012 to 2017","-0.615","NA","NA",NA,"z-score",NA,NA,NA,NA,NA
"ci1","Conditions of Childhood","composite_index","NA","Local Authority","Derby","time_period","2012 to 2017","zscore_category","70-85%",NA,NA,NA,NA,"2012 to 2017","-0.681","NA","NA",NA,"z-score",NA,NA,NA,NA,NA
"ci1","Conditions of Childhood","composite_index","NA","Local Authority","Derbyshire","time_period","2012 to 2017","zscore_category","30-70%",NA,NA,NA,NA,"2012 to 2017","-0.156","NA","NA",NA,"z-score",NA,NA,NA,NA,NA
"ci1","Conditions of Childhood","composite_index","NA","Local Authority","Devon CC","time_period","2012 to 2017","zscore_category","30-70%",NA,NA,NA,NA,"2012 to 2017","0.394","NA","NA",NA,"z-score",NA,NA,NA,NA,NA
"ci1","Conditions of Childhood","composite_index","NA","Local Authority","Doncaster","time_period","2012 to 2017","zscore_category","85-95%",NA,NA,NA,NA,"2012 to 2017","-1.181","NA","NA",NA,"z-score",NA,NA,NA,NA,NA
"ci1","Conditions of Childhood","composite_index","NA","Local Authority","Dorset","time_period","2012 to 2017","zscore_category","30-70%",NA,NA,NA,NA,"2012 to 2017","0.333","NA","NA",NA,"z-score",NA,NA,NA,NA,NA
"ci1","Conditions of Childhood","composite_index","NA","Local Authority","Dudley","time_period","2012 to 2017","zscore_category","30-70%",NA,NA,NA,NA,"2012 to 2017","-0.355","NA","NA",NA,"z-score",NA,NA,NA,NA,NA
"ci1","Conditions of Childhood","composite_index","NA","Local Authority","Dumfries and Galloway","time_period","2012 to 2017","zscore_category","70-85%",NA,NA,NA,NA,"2012 to 2017","-0.633","NA","NA",NA,"z-score",NA,NA,NA,NA,NA
"ci1","Conditions of Childhood","composite_index","NA","Local Authority","Dundee City","time_period","2012 to 2017","zscore_category","70-85%",NA,NA,NA,NA,"2012 to 2017","-0.595","NA","NA",NA,"z-score",NA,NA,NA,NA,NA
"ci1","Conditions of Childhood","composite_index","NA","Local Authority","Durham","time_period","2012 to 2017","zscore_category","70-85%",NA,NA,NA,NA,"2012 to 2017","-0.613","NA","NA",NA,"z-score",NA,NA,NA,NA,NA
"ci1","Conditions of Childhood","composite_index","NA","Local Authority","Ealing","time_period","2012 to 2017","zscore_category","15-30%",NA,NA,NA,NA,"2012 to 2017","0.516","NA","NA",NA,"z-score",NA,NA,NA,NA,NA
"ci1","Conditions of Childhood","composite_index","NA","Local Authority","East Ayrshire","time_period","2012 to 2017","zscore_category","85-95%",NA,NA,NA,NA,"2012 to 2017","-1.341","NA","NA",NA,"z-score",NA,NA,NA,NA,NA
"ci1","Conditions of Childhood","composite_index","NA","Local Authority","East Dunbartonshire","time_period","2012 to 2017","zscore_category","Top 5%",NA,NA,NA,NA,"2012 to 2017","2.100","NA","NA",NA,"z-score",NA,NA,NA,NA,NA
"ci1","Conditions of Childhood","composite_index","NA","Local Authority","East Lothian","time_period","2012 to 2017","zscore_category","30-70%",NA,NA,NA,NA,"2012 to 2017","0.266","NA","NA",NA,"z-score",NA,NA,NA,NA,NA
"ci1","Conditions of Childhood","composite_index","NA","Local Authority","East Renfrewshire","time_period","2012 to 2017","zscore_category","5-15%",NA,NA,NA,NA,"2012 to 2017","1.218","NA","NA",NA,"z-score",NA,NA,NA,NA,NA
"ci1","Conditions of Childhood","composite_index","NA","Local Authority","East Riding of Yorkshire","time_period","2012 to 2017","zscore_category","30-70%",NA,NA,NA,NA,"2012 to 2017","-0.015","NA","NA",NA,"z-score",NA,NA,NA,NA,NA
"ci1","Conditions of Childhood","composite_index","NA","Local Authority","East Sussex CC","time_period","2012 to 2017","zscore_category","30-70%",NA,NA,NA,NA,"2012 to 2017","-0.009","NA","NA",NA,"z-score",NA,NA,NA,NA,NA
"ci1","Conditions of Childhood","composite_index","NA","Local Authority","Enfield","time_period","2012 to 2017","zscore_category","30-70%",NA,NA,NA,NA,"2012 to 2017","-0.095","NA","NA",NA,"z-score",NA,NA,NA,NA,NA
"ci1","Conditions of Childhood","composite_index","NA","Local Authority","Essex","time_period","2012 to 2017","zscore_category","30-70%",NA,NA,NA,NA,"2012 to 2017","0.231","NA","NA",NA,"z-score",NA,NA,NA,NA,NA
"ci1","Conditions of Childhood","composite_index","NA","Local Authority","Falkirk","time_period","2012 to 2017","zscore_category","30-70%",NA,NA,NA,NA,"2012 to 2017","-0.318","NA","NA",NA,"z-score",NA,NA,NA,NA,NA
"ci1","Conditions of Childhood","composite_index","NA","Local Authority","Fife","time_period","2012 to 2017","zscore_category","30-70%",NA,NA,NA,NA,"2012 to 2017","-0.290","NA","NA",NA,"z-score",NA,NA,NA,NA,NA
"ci1","Conditions of Childhood","composite_index","NA","Local Authority","Flintshire","time_period","2012 to 2017","zscore_category","70-85%",NA,NA,NA,NA,"2012 to 2017","-0.800","NA","NA",NA,"z-score",NA,NA,NA,NA,NA
"ci1","Conditions of Childhood","composite_index","NA","Local Authority","Gateshead","time_period","2012 to 2017","zscore_category","70-85%",NA,NA,NA,NA,"2012 to 2017","-0.749","NA","NA",NA,"z-score",NA,NA,NA,NA,NA
"ci1","Conditions of Childhood","composite_index","NA","Local Authority","Glasgow City","time_period","2012 to 2017","zscore_category","30-70%",NA,NA,NA,NA,"2012 to 2017","-0.416","NA","NA",NA,"z-score",NA,NA,NA,NA,NA
"ci1","Conditions of Childhood","composite_index","NA","Local Authority","Gloucestershire CC","time_period","2012 to 2017","zscore_category","30-70%",NA,NA,NA,NA,"2012 to 2017","0.435","NA","NA",NA,"z-score",NA,NA,NA,NA,NA
"ci1","Conditions of Childhood","composite_index","NA","Local Authority","Greenwich","time_period","2012 to 2017","zscore_category","30-70%",NA,NA,NA,NA,"2012 to 2017","0.130","NA","NA",NA,"z-score",NA,NA,NA,NA,NA
"ci1","Conditions of Childhood","composite_index","NA","Local Authority","Gwynedd","time_period","2012 to 2017","zscore_category","70-85%",NA,NA,NA,NA,"2012 to 2017","-0.924","NA","NA",NA,"z-score",NA,NA,NA,NA,NA
"ci1","Conditions of Childhood","composite_index","NA","Local Authority","Hackney","time_period","2012 to 2017","zscore_category","30-70%",NA,NA,NA,NA,"2012 to 2017","-0.197","NA","NA",NA,"z-score",NA,NA,NA,NA,NA
"ci1","Conditions of Childhood","composite_index","NA","Local Authority","Halton","time_period","2012 to 2017","zscore_category","70-85%",NA,NA,NA,NA,"2012 to 2017","-0.821","NA","NA",NA,"z-score",NA,NA,NA,NA,NA
"ci1","Conditions of Childhood","composite_index","NA","Local Authority","Hammersmith and Fulham","time_period","2012 to 2017","zscore_category","Top 5%",NA,NA,NA,NA,"2012 to 2017","1.963","NA","NA",NA,"z-score",NA,NA,NA,NA,NA
"ci1","Conditions of Childhood","composite_index","NA","Local Authority","Hampshire","time_period","2012 to 2017","zscore_category","15-30%",NA,NA,NA,NA,"2012 to 2017","0.890","NA","NA",NA,"z-score",NA,NA,NA,NA,NA
"ci1","Conditions of Childhood","composite_index","NA","Local Authority","Haringey","time_period","2012 to 2017","zscore_category","15-30%",NA,NA,NA,NA,"2012 to 2017","0.554","NA","NA",NA,"z-score",NA,NA,NA,NA,NA
"ci1","Conditions of Childhood","composite_index","NA","Local Authority","Harrow","time_period","2012 to 2017","zscore_category","15-30%",NA,NA,NA,NA,"2012 to 2017","0.664","NA","NA",NA,"z-score",NA,NA,NA,NA,NA
"ci1","Conditions of Childhood","composite_index","NA","Local Authority","Hartlepool","time_period","2012 to 2017","zscore_category","85-95%",NA,NA,NA,NA,"2012 to 2017","-1.326","NA","NA",NA,"z-score",NA,NA,NA,NA,NA
"ci1","Conditions of Childhood","composite_index","NA","Local Authority","Havering","time_period","2012 to 2017","zscore_category","15-30%",NA,NA,NA,NA,"2012 to 2017","0.667","NA","NA",NA,"z-score",NA,NA,NA,NA,NA
"ci1","Conditions of Childhood","composite_index","NA","Local Authority","Herefordshire, County of","time_period","2012 to 2017","zscore_category","30-70%",NA,NA,NA,NA,"2012 to 2017","-0.423","NA","NA",NA,"z-score",NA,NA,NA,NA,NA
"ci1","Conditions of Childhood","composite_index","NA","Local Authority","Hertfordshire CC","time_period","2012 to 2017","zscore_category","5-15%",NA,NA,NA,NA,"2012 to 2017","1.477","NA","NA",NA,"z-score",NA,NA,NA,NA,NA
"ci1","Conditions of Childhood","composite_index","NA","Local Authority","Highland","time_period","2012 to 2017","zscore_category","30-70%",NA,NA,NA,NA,"2012 to 2017","-0.391","NA","NA",NA,"z-score",NA,NA,NA,NA,NA
"ci1","Conditions of Childhood","composite_index","NA","Local Authority","Hillingdon","time_period","2012 to 2017","zscore_category","30-70%",NA,NA,NA,NA,"2012 to 2017","0.211","NA","NA",NA,"z-score",NA,NA,NA,NA,NA
"ci1","Conditions of Childhood","composite_index","NA","Local Authority","Hounslow","time_period","2012 to 2017","zscore_category","15-30%",NA,NA,NA,NA,"2012 to 2017","0.633","NA","NA",NA,"z-score",NA,NA,NA,NA,NA
"ci1","Conditions of Childhood","composite_index","NA","Local Authority","Inverclyde","time_period","2012 to 2017","zscore_category","70-85%",NA,NA,NA,NA,"2012 to 2017","-0.680","NA","NA",NA,"z-score",NA,NA,NA,NA,NA
"ci1","Conditions of Childhood","composite_index","NA","Local Authority","Isle of Anglesey","time_period","2012 to 2017","zscore_category","30-70%",NA,NA,NA,NA,"2012 to 2017","-0.419","NA","NA",NA,"z-score",NA,NA,NA,NA,NA
"ci1","Conditions of Childhood","composite_index","NA","Local Authority","Isle of Wight","time_period","2012 to 2017","zscore_category","30-70%",NA,NA,NA,NA,"2012 to 2017","0.018","NA","NA",NA,"z-score",NA,NA,NA,NA,NA
"ci1","Conditions of Childhood","composite_index","NA","Local Authority","Islington","time_period","2012 to 2017","zscore_category","30-70%",NA,NA,NA,NA,"2012 to 2017","0.460","NA","NA",NA,"z-score",NA,NA,NA,NA,NA
"ci1","Conditions of Childhood","composite_index","NA","Local Authority","Kensington and Chelsea","time_period","2012 to 2017","zscore_category","Top 5%",NA,NA,NA,NA,"2012 to 2017","1.688","NA","NA",NA,"z-score",NA,NA,NA,NA,NA
"ci1","Conditions of Childhood","composite_index","NA","Local Authority","Kent","time_period","2012 to 2017","zscore_category","30-70%",NA,NA,NA,NA,"2012 to 2017","0.200","NA","NA",NA,"z-score",NA,NA,NA,NA,NA
"ci1","Conditions of Childhood","composite_index","NA","Local Authority","Kingston upon Hull, City of","time_period","2012 to 2017","zscore_category","Bottom 5%",NA,NA,NA,NA,"2012 to 2017","-2.029","NA","NA",NA,"z-score",NA,NA,NA,NA,NA
"ci1","Conditions of Childhood","composite_index","NA","Local Authority","Kingston upon Thames","time_period","2012 to 2017","zscore_category","Top 5%",NA,NA,NA,NA,"2012 to 2017","1.931","NA","NA",NA,"z-score",NA,NA,NA,NA,NA
"ci1","Conditions of Childhood","composite_index","NA","Local Authority","Kirklees","time_period","2012 to 2017","zscore_category","30-70%",NA,NA,NA,NA,"2012 to 2017","-0.459","NA","NA",NA,"z-score",NA,NA,NA,NA,NA
"ci1","Conditions of Childhood","composite_index","NA","Local Authority","Knowsley","time_period","2012 to 2017","zscore_category","85-95%",NA,NA,NA,NA,"2012 to 2017","-1.173","NA","NA",NA,"z-score",NA,NA,NA,NA,NA
"ci1","Conditions of Childhood","composite_index","NA","Local Authority","Lambeth","time_period","2012 to 2017","zscore_category","15-30%",NA,NA,NA,NA,"2012 to 2017","0.857","NA","NA",NA,"z-score",NA,NA,NA,NA,NA
"ci1","Conditions of Childhood","composite_index","NA","Local Authority","Lancashire","time_period","2012 to 2017","zscore_category","30-70%",NA,NA,NA,NA,"2012 to 2017","-0.306","NA","NA",NA,"z-score",NA,NA,NA,NA,NA
"ci1","Conditions of Childhood","composite_index","NA","Local Authority","Leeds","time_period","2012 to 2017","zscore_category","30-70%",NA,NA,NA,NA,"2012 to 2017","0.014","NA","NA",NA,"z-score",NA,NA,NA,NA,NA
"ci1","Conditions of Childhood","composite_index","NA","Local Authority","Leicester","time_period","2012 to 2017","zscore_category","Bottom 5%",NA,NA,NA,NA,"2012 to 2017","-1.742","NA","NA",NA,"z-score",NA,NA,NA,NA,NA
"ci1","Conditions of Childhood","composite_index","NA","Local Authority","Leicestershire CC","time_period","2012 to 2017","zscore_category","30-70%",NA,NA,NA,NA,"2012 to 2017","0.295","NA","NA",NA,"z-score",NA,NA,NA,NA,NA
"ci1","Conditions of Childhood","composite_index","NA","Local Authority","Lewisham","time_period","2012 to 2017","zscore_category","5-15%",NA,NA,NA,NA,"2012 to 2017","1.289","NA","NA",NA,"z-score",NA,NA,NA,NA,NA
"ci1","Conditions of Childhood","composite_index","NA","Local Authority","Lincolnshire CC","time_period","2012 to 2017","zscore_category","70-85%",NA,NA,NA,NA,"2012 to 2017","-0.643","NA","NA",NA,"z-score",NA,NA,NA,NA,NA
"ci1","Conditions of Childhood","composite_index","NA","Local Authority","Liverpool","time_period","2012 to 2017","zscore_category","30-70%",NA,NA,NA,NA,"2012 to 2017","-0.479","NA","NA",NA,"z-score",NA,NA,NA,NA,NA
"ci1","Conditions of Childhood","composite_index","NA","Local Authority","Luton","time_period","2012 to 2017","zscore_category","85-95%",NA,NA,NA,NA,"2012 to 2017","-1.110","NA","NA",NA,"z-score",NA,NA,NA,NA,NA
"ci1","Conditions of Childhood","composite_index","NA","Local Authority","Manchester","time_period","2012 to 2017","zscore_category","70-85%",NA,NA,NA,NA,"2012 to 2017","-0.711","NA","NA",NA,"z-score",NA,NA,NA,NA,NA
"ci1","Conditions of Childhood","composite_index","NA","Local Authority","Medway","time_period","2012 to 2017","zscore_category","70-85%",NA,NA,NA,NA,"2012 to 2017","-0.799","NA","NA",NA,"z-score",NA,NA,NA,NA,NA
"ci1","Conditions of Childhood","composite_index","NA","Local Authority","Merthyr Tydfil","time_period","2012 to 2017","zscore_category","85-95%",NA,NA,NA,NA,"2012 to 2017","-1.181","NA","NA",NA,"z-score",NA,NA,NA,NA,NA
"ci1","Conditions of Childhood","composite_index","NA","Local Authority","Merton","time_period","2012 to 2017","zscore_category","Top 5%",NA,NA,NA,NA,"2012 to 2017","2.014","NA","NA",NA,"z-score",NA,NA,NA,NA,NA
"ci1","Conditions of Childhood","composite_index","NA","Local Authority","Middlesbrough","time_period","2012 to 2017","zscore_category","85-95%",NA,NA,NA,NA,"2012 to 2017","-1.270","NA","NA",NA,"z-score",NA,NA,NA,NA,NA
"ci1","Conditions of Childhood","composite_index","NA","Local Authority","Midlothian","time_period","2012 to 2017","zscore_category","30-70%",NA,NA,NA,NA,"2012 to 2017","-0.015","NA","NA",NA,"z-score",NA,NA,NA,NA,NA
"ci1","Conditions of Childhood","composite_index","NA","Local Authority","Milton Keynes","time_period","2012 to 2017","zscore_category","15-30%",NA,NA,NA,NA,"2012 to 2017","0.887","NA","NA",NA,"z-score",NA,NA,NA,NA,NA
"ci1","Conditions of Childhood","composite_index","NA","Local Authority","Monmouthshire","time_period","2012 to 2017","zscore_category","15-30%",NA,NA,NA,NA,"2012 to 2017","0.857","NA","NA",NA,"z-score",NA,NA,NA,NA,NA
"ci1","Conditions of Childhood","composite_index","NA","Local Authority","Moray","time_period","2012 to 2017","zscore_category","30-70%",NA,NA,NA,NA,"2012 to 2017","-0.334","NA","NA",NA,"z-score",NA,NA,NA,NA,NA
"ci1","Conditions of Childhood","composite_index","NA","Local Authority","Na h-Eileanan Siar","time_period","2012 to 2017","zscore_category","30-70%",NA,NA,NA,NA,"2012 to 2017","0.317","NA","NA",NA,"z-score",NA,NA,NA,NA,NA
"ci1","Conditions of Childhood","composite_index","NA","Local Authority","Neath Port Talbot","time_period","2012 to 2017","zscore_category","30-70%",NA,NA,NA,NA,"2012 to 2017","-0.425","NA","NA",NA,"z-score",NA,NA,NA,NA,NA
"ci1","Conditions of Childhood","composite_index","NA","Local Authority","Newcastle upon Tyne","time_period","2012 to 2017","zscore_category","30-70%",NA,NA,NA,NA,"2012 to 2017","-0.425","NA","NA",NA,"z-score",NA,NA,NA,NA,NA
"ci1","Conditions of Childhood","composite_index","NA","Local Authority","Newham","time_period","2012 to 2017","zscore_category","85-95%",NA,NA,NA,NA,"2012 to 2017","-1.274","NA","NA",NA,"z-score",NA,NA,NA,NA,NA
"ci1","Conditions of Childhood","composite_index","NA","Local Authority","Newport","time_period","2012 to 2017","zscore_category","70-85%",NA,NA,NA,NA,"2012 to 2017","-0.572","NA","NA",NA,"z-score",NA,NA,NA,NA,NA
"ci1","Conditions of Childhood","composite_index","NA","Local Authority","North Ayrshire mainland","time_period","2012 to 2017","zscore_category","85-95%",NA,NA,NA,NA,"2012 to 2017","-1.051","NA","NA",NA,"z-score",NA,NA,NA,NA,NA
"ci1","Conditions of Childhood","composite_index","NA","Local Authority","North East Lincolnshire","time_period","2012 to 2017","zscore_category","Bottom 5%",NA,NA,NA,NA,"2012 to 2017","-1.734","NA","NA",NA,"z-score",NA,NA,NA,NA,NA
"ci1","Conditions of Childhood","composite_index","NA","Local Authority","North Lanarkshire","time_period","2012 to 2017","zscore_category","70-85%",NA,NA,NA,NA,"2012 to 2017","-0.565","NA","NA",NA,"z-score",NA,NA,NA,NA,NA
"ci1","Conditions of Childhood","composite_index","NA","Local Authority","North Lincolnshire","time_period","2012 to 2017","zscore_category","85-95%",NA,NA,NA,NA,"2012 to 2017","-1.040","NA","NA",NA,"z-score",NA,NA,NA,NA,NA
"ci1","Conditions of Childhood","composite_index","NA","Local Authority","North Northamptonshire","time_period","2012 to 2017","zscore_category","70-85%",NA,NA,NA,NA,"2012 to 2017","-0.529","NA","NA",NA,"z-score",NA,NA,NA,NA,NA
"ci1","Conditions of Childhood","composite_index","NA","Local Authority","North Somerset","time_period","2012 to 2017","zscore_category","15-30%",NA,NA,NA,NA,"2012 to 2017","0.880","NA","NA",NA,"z-score",NA,NA,NA,NA,NA
"ci1","Conditions of Childhood","composite_index","NA","Local Authority","North Tyneside","time_period","2012 to 2017","zscore_category","30-70%",NA,NA,NA,NA,"2012 to 2017","-0.099","NA","NA",NA,"z-score",NA,NA,NA,NA,NA
"ci1","Conditions of Childhood","composite_index","NA","Local Authority","North Yorkshire CC","time_period","2012 to 2017","zscore_category","30-70%",NA,NA,NA,NA,"2012 to 2017","0.380","NA","NA",NA,"z-score",NA,NA,NA,NA,NA
"ci1","Conditions of Childhood","composite_index","NA","Local Authority","Northern Ireland","time_period","2012 to 2017","zscore_category","70-85%",NA,NA,NA,NA,"2012 to 2017","-0.603","NA","NA",NA,"z-score",NA,NA,NA,NA,NA
"ci1","Conditions of Childhood","composite_index","NA","Local Authority","Northumberland","time_period","2012 to 2017","zscore_category","30-70%",NA,NA,NA,NA,"2012 to 2017","-0.202","NA","NA",NA,"z-score",NA,NA,NA,NA,NA
"ci1","Conditions of Childhood","composite_index","NA","Local Authority","Norwich and Norfolk","time_period","2012 to 2017","zscore_category","30-70%",NA,NA,NA,NA,"2012 to 2017","-0.496","NA","NA",NA,"z-score",NA,NA,NA,NA,NA
"ci1","Conditions of Childhood","composite_index","NA","Local Authority","Nottingham","time_period","2012 to 2017","zscore_category","70-85%",NA,NA,NA,NA,"2012 to 2017","-0.963","NA","NA",NA,"z-score",NA,NA,NA,NA,NA
"ci1","Conditions of Childhood","composite_index","NA","Local Authority","Nottinghamshire","time_period","2012 to 2017","zscore_category","30-70%",NA,NA,NA,NA,"2012 to 2017","-0.022","NA","NA",NA,"z-score",NA,NA,NA,NA,NA
"ci1","Conditions of Childhood","composite_index","NA","Local Authority","Oldham","time_period","2012 to 2017","zscore_category","85-95%",NA,NA,NA,NA,"2012 to 2017","-1.404","NA","NA",NA,"z-score",NA,NA,NA,NA,NA
"ci1","Conditions of Childhood","composite_index","NA","Local Authority","Orkney Islands","time_period","2012 to 2017","zscore_category","30-70%",NA,NA,NA,NA,"2012 to 2017","-0.363","NA","NA",NA,"z-score",NA,NA,NA,NA,NA
"ci1","Conditions of Childhood","composite_index","NA","Local Authority","Oxfordshire CC","time_period","2012 to 2017","zscore_category","Top 5%",NA,NA,NA,NA,"2012 to 2017","1.598","NA","NA",NA,"z-score",NA,NA,NA,NA,NA
"ci1","Conditions of Childhood","composite_index","NA","Local Authority","Pembrokeshire","time_period","2012 to 2017","zscore_category","70-85%",NA,NA,NA,NA,"2012 to 2017","-0.702","NA","NA",NA,"z-score",NA,NA,NA,NA,NA
"ci1","Conditions of Childhood","composite_index","NA","Local Authority","Perth and Kinross","time_period","2012 to 2017","zscore_category","15-30%",NA,NA,NA,NA,"2012 to 2017","0.533","NA","NA",NA,"z-score",NA,NA,NA,NA,NA
"ci1","Conditions of Childhood","composite_index","NA","Local Authority","Peterborough","time_period","2012 to 2017","zscore_category","70-85%",NA,NA,NA,NA,"2012 to 2017","-0.750","NA","NA",NA,"z-score",NA,NA,NA,NA,NA
"ci1","Conditions of Childhood","composite_index","NA","Local Authority","Plymouth","time_period","2012 to 2017","zscore_category","70-85%",NA,NA,NA,NA,"2012 to 2017","-0.590","NA","NA",NA,"z-score",NA,NA,NA,NA,NA
"ci1","Conditions of Childhood","composite_index","NA","Local Authority","Portsmouth","time_period","2012 to 2017","zscore_category","30-70%",NA,NA,NA,NA,"2012 to 2017","-0.294","NA","NA",NA,"z-score",NA,NA,NA,NA,NA
"ci1","Conditions of Childhood","composite_index","NA","Local Authority","Powys","time_period","2012 to 2017","zscore_category","70-85%",NA,NA,NA,NA,"2012 to 2017","-0.736","NA","NA",NA,"z-score",NA,NA,NA,NA,NA
"ci1","Conditions of Childhood","composite_index","NA","Local Authority","Reading","time_period","2012 to 2017","zscore_category","5-15%",NA,NA,NA,NA,"2012 to 2017","1.199","NA","NA",NA,"z-score",NA,NA,NA,NA,NA
"ci1","Conditions of Childhood","composite_index","NA","Local Authority","Redbridge","time_period","2012 to 2017","zscore_category","5-15%",NA,NA,NA,NA,"2012 to 2017","1.019","NA","NA",NA,"z-score",NA,NA,NA,NA,NA
"ci1","Conditions of Childhood","composite_index","NA","Local Authority","Redcar and Cleveland","time_period","2012 to 2017","zscore_category","85-95%",NA,NA,NA,NA,"2012 to 2017","-1.134","NA","NA",NA,"z-score",NA,NA,NA,NA,NA
"ci1","Conditions of Childhood","composite_index","NA","Local Authority","Renfrewshire","time_period","2012 to 2017","zscore_category","30-70%",NA,NA,NA,NA,"2012 to 2017","-0.008","NA","NA",NA,"z-score",NA,NA,NA,NA,NA
"ci1","Conditions of Childhood","composite_index","NA","Local Authority","Rhondda Cynon Taf","time_period","2012 to 2017","zscore_category","70-85%",NA,NA,NA,NA,"2012 to 2017","-0.631","NA","NA",NA,"z-score",NA,NA,NA,NA,NA
"ci1","Conditions of Childhood","composite_index","NA","Local Authority","Richmond upon Thames","time_period","2012 to 2017","zscore_category","Top 5%",NA,NA,NA,NA,"2012 to 2017","3.477","NA","NA",NA,"z-score",NA,NA,NA,NA,NA
"ci1","Conditions of Childhood","composite_index","NA","Local Authority","Rochdale","time_period","2012 to 2017","zscore_category","85-95%",NA,NA,NA,NA,"2012 to 2017","-1.245","NA","NA",NA,"z-score",NA,NA,NA,NA,NA
"ci1","Conditions of Childhood","composite_index","NA","Local Authority","Rotherham","time_period","2012 to 2017","zscore_category","Bottom 5%",NA,NA,NA,NA,"2012 to 2017","-1.594","NA","NA",NA,"z-score",NA,NA,NA,NA,NA
"ci1","Conditions of Childhood","composite_index","NA","Local Authority","Rutland","time_period","2012 to 2017","zscore_category","5-15%",NA,NA,NA,NA,"2012 to 2017","1.127","NA","NA",NA,"z-score",NA,NA,NA,NA,NA
"ci1","Conditions of Childhood","composite_index","NA","Local Authority","Salford","time_period","2012 to 2017","zscore_category","70-85%",NA,NA,NA,NA,"2012 to 2017","-0.748","NA","NA",NA,"z-score",NA,NA,NA,NA,NA
"ci1","Conditions of Childhood","composite_index","NA","Local Authority","Sandwell","time_period","2012 to 2017","zscore_category","Bottom 5%",NA,NA,NA,NA,"2012 to 2017","-2.013","NA","NA",NA,"z-score",NA,NA,NA,NA,NA
"ci1","Conditions of Childhood","composite_index","NA","Local Authority","Scottish Borders","time_period","2012 to 2017","zscore_category","70-85%",NA,NA,NA,NA,"2012 to 2017","-0.751","NA","NA",NA,"z-score",NA,NA,NA,NA,NA
"ci1","Conditions of Childhood","composite_index","NA","Local Authority","Sefton","time_period","2012 to 2017","zscore_category","30-70%",NA,NA,NA,NA,"2012 to 2017","-0.256","NA","NA",NA,"z-score",NA,NA,NA,NA,NA
"ci1","Conditions of Childhood","composite_index","NA","Local Authority","Sheffield","time_period","2012 to 2017","zscore_category","30-70%",NA,NA,NA,NA,"2012 to 2017","-0.202","NA","NA",NA,"z-score",NA,NA,NA,NA,NA
"ci1","Conditions of Childhood","composite_index","NA","Local Authority","Shetland Islands","time_period","2012 to 2017","zscore_category","5-15%",NA,NA,NA,NA,"2012 to 2017","1.142","NA","NA",NA,"z-score",NA,NA,NA,NA,NA
"ci1","Conditions of Childhood","composite_index","NA","Local Authority","Shropshire","time_period","2012 to 2017","zscore_category","30-70%",NA,NA,NA,NA,"2012 to 2017","-0.021","NA","NA",NA,"z-score",NA,NA,NA,NA,NA
"ci1","Conditions of Childhood","composite_index","NA","Local Authority","Slough","time_period","2012 to 2017","zscore_category","70-85%",NA,NA,NA,NA,"2012 to 2017","-0.543","NA","NA",NA,"z-score",NA,NA,NA,NA,NA
"ci1","Conditions of Childhood","composite_index","NA","Local Authority","Solihull","time_period","2012 to 2017","zscore_category","15-30%",NA,NA,NA,NA,"2012 to 2017","0.907","NA","NA",NA,"z-score",NA,NA,NA,NA,NA
"ci1","Conditions of Childhood","composite_index","NA","Local Authority","Somerset CC","time_period","2012 to 2017","zscore_category","30-70%",NA,NA,NA,NA,"2012 to 2017","-0.003","NA","NA",NA,"z-score",NA,NA,NA,NA,NA
"ci1","Conditions of Childhood","composite_index","NA","Local Authority","South Ayrshire","time_period","2012 to 2017","zscore_category","30-70%",NA,NA,NA,NA,"2012 to 2017","0.159","NA","NA",NA,"z-score",NA,NA,NA,NA,NA
"ci1","Conditions of Childhood","composite_index","NA","Local Authority","South Gloucestershire","time_period","2012 to 2017","zscore_category","30-70%",NA,NA,NA,NA,"2012 to 2017","0.343","NA","NA",NA,"z-score",NA,NA,NA,NA,NA
"ci1","Conditions of Childhood","composite_index","NA","Local Authority","South Lanarkshire","time_period","2012 to 2017","zscore_category","30-70%",NA,NA,NA,NA,"2012 to 2017","-0.145","NA","NA",NA,"z-score",NA,NA,NA,NA,NA
"ci1","Conditions of Childhood","composite_index","NA","Local Authority","South Tyneside","time_period","2012 to 2017","zscore_category","70-85%",NA,NA,NA,NA,"2012 to 2017","-0.900","NA","NA",NA,"z-score",NA,NA,NA,NA,NA
"ci1","Conditions of Childhood","composite_index","NA","Local Authority","Southampton","time_period","2012 to 2017","zscore_category","30-70%",NA,NA,NA,NA,"2012 to 2017","-0.329","NA","NA",NA,"z-score",NA,NA,NA,NA,NA
"ci1","Conditions of Childhood","composite_index","NA","Local Authority","Southend-on-Sea","time_period","2012 to 2017","zscore_category","30-70%",NA,NA,NA,NA,"2012 to 2017","0.099","NA","NA",NA,"z-score",NA,NA,NA,NA,NA
"ci1","Conditions of Childhood","composite_index","NA","Local Authority","Southwark","time_period","2012 to 2017","zscore_category","15-30%",NA,NA,NA,NA,"2012 to 2017","0.829","NA","NA",NA,"z-score",NA,NA,NA,NA,NA
"ci1","Conditions of Childhood","composite_index","NA","Local Authority","St Helens","time_period","2012 to 2017","zscore_category","70-85%",NA,NA,NA,NA,"2012 to 2017","-0.738","NA","NA",NA,"z-score",NA,NA,NA,NA,NA
"ci1","Conditions of Childhood","composite_index","NA","Local Authority","Staffordshire CC","time_period","2012 to 2017","zscore_category","30-70%",NA,NA,NA,NA,"2012 to 2017","0.008","NA","NA",NA,"z-score",NA,NA,NA,NA,NA
"ci1","Conditions of Childhood","composite_index","NA","Local Authority","Stirling","time_period","2012 to 2017","zscore_category","5-15%",NA,NA,NA,NA,"2012 to 2017","1.408","NA","NA",NA,"z-score",NA,NA,NA,NA,NA
"ci1","Conditions of Childhood","composite_index","NA","Local Authority","Stockport","time_period","2012 to 2017","zscore_category","5-15%",NA,NA,NA,NA,"2012 to 2017","1.087","NA","NA",NA,"z-score",NA,NA,NA,NA,NA
"ci1","Conditions of Childhood","composite_index","NA","Local Authority","Stockton-on-Tees","time_period","2012 to 2017","zscore_category","30-70%",NA,NA,NA,NA,"2012 to 2017","-0.397","NA","NA",NA,"z-score",NA,NA,NA,NA,NA
"ci1","Conditions of Childhood","composite_index","NA","Local Authority","Stoke-on-Trent","time_period","2012 to 2017","zscore_category","Bottom 5%",NA,NA,NA,NA,"2012 to 2017","-1.599","NA","NA",NA,"z-score",NA,NA,NA,NA,NA
"ci1","Conditions of Childhood","composite_index","NA","Local Authority","Suffolk CC","time_period","2012 to 2017","zscore_category","30-70%",NA,NA,NA,NA,"2012 to 2017","-0.275","NA","NA",NA,"z-score",NA,NA,NA,NA,NA
"ci1","Conditions of Childhood","composite_index","NA","Local Authority","Sunderland","time_period","2012 to 2017","zscore_category","85-95%",NA,NA,NA,NA,"2012 to 2017","-1.253","NA","NA",NA,"z-score",NA,NA,NA,NA,NA
"ci1","Conditions of Childhood","composite_index","NA","Local Authority","Surrey","time_period","2012 to 2017","zscore_category","Top 5%",NA,NA,NA,NA,"2012 to 2017","1.916","NA","NA",NA,"z-score",NA,NA,NA,NA,NA
"ci1","Conditions of Childhood","composite_index","NA","Local Authority","Sutton","time_period","2012 to 2017","zscore_category","5-15%",NA,NA,NA,NA,"2012 to 2017","1.328","NA","NA",NA,"z-score",NA,NA,NA,NA,NA
"ci1","Conditions of Childhood","composite_index","NA","Local Authority","Swansea","time_period","2012 to 2017","zscore_category","70-85%",NA,NA,NA,NA,"2012 to 2017","-0.576","NA","NA",NA,"z-score",NA,NA,NA,NA,NA
"ci1","Conditions of Childhood","composite_index","NA","Local Authority","Swindon","time_period","2012 to 2017","zscore_category","30-70%",NA,NA,NA,NA,"2012 to 2017","0.233","NA","NA",NA,"z-score",NA,NA,NA,NA,NA
"ci1","Conditions of Childhood","composite_index","NA","Local Authority","Tameside","time_period","2012 to 2017","zscore_category","70-85%",NA,NA,NA,NA,"2012 to 2017","-0.792","NA","NA",NA,"z-score",NA,NA,NA,NA,NA
"ci1","Conditions of Childhood","composite_index","NA","Local Authority","Telford and Wrekin","time_period","2012 to 2017","zscore_category","30-70%",NA,NA,NA,NA,"2012 to 2017","-0.456","NA","NA",NA,"z-score",NA,NA,NA,NA,NA
"ci1","Conditions of Childhood","composite_index","NA","Local Authority","Thurrock","time_period","2012 to 2017","zscore_category","70-85%",NA,NA,NA,NA,"2012 to 2017","-0.621","NA","NA",NA,"z-score",NA,NA,NA,NA,NA
"ci1","Conditions of Childhood","composite_index","NA","Local Authority","Torbay","time_period","2012 to 2017","zscore_category","70-85%",NA,NA,NA,NA,"2012 to 2017","-0.734","NA","NA",NA,"z-score",NA,NA,NA,NA,NA
"ci1","Conditions of Childhood","composite_index","NA","Local Authority","Torfaen","time_period","2012 to 2017","zscore_category","85-95%",NA,NA,NA,NA,"2012 to 2017","-1.407","NA","NA",NA,"z-score",NA,NA,NA,NA,NA
"ci1","Conditions of Childhood","composite_index","NA","Local Authority","Tower Hamlets","time_period","2012 to 2017","zscore_category","85-95%",NA,NA,NA,NA,"2012 to 2017","-1.075","NA","NA",NA,"z-score",NA,NA,NA,NA,NA
"ci1","Conditions of Childhood","composite_index","NA","Local Authority","Trafford","time_period","2012 to 2017","zscore_category","5-15%",NA,NA,NA,NA,"2012 to 2017","1.134","NA","NA",NA,"z-score",NA,NA,NA,NA,NA
"ci1","Conditions of Childhood","composite_index","NA","Local Authority","Vale of Glamorgan","time_period","2012 to 2017","zscore_category","5-15%",NA,NA,NA,NA,"2012 to 2017","1.395","NA","NA",NA,"z-score",NA,NA,NA,NA,NA
"ci1","Conditions of Childhood","composite_index","NA","Local Authority","Wakefield","time_period","2012 to 2017","zscore_category","85-95%",NA,NA,NA,NA,"2012 to 2017","-1.023","NA","NA",NA,"z-score",NA,NA,NA,NA,NA
"ci1","Conditions of Childhood","composite_index","NA","Local Authority","Walsall","time_period","2012 to 2017","zscore_category","85-95%",NA,NA,NA,NA,"2012 to 2017","-1.170","NA","NA",NA,"z-score",NA,NA,NA,NA,NA
"ci1","Conditions of Childhood","composite_index","NA","Local Authority","Waltham Forest","time_period","2012 to 2017","zscore_category","30-70%",NA,NA,NA,NA,"2012 to 2017","-0.070","NA","NA",NA,"z-score",NA,NA,NA,NA,NA
"ci1","Conditions of Childhood","composite_index","NA","Local Authority","Wandsworth","time_period","2012 to 2017","zscore_category","Top 5%",NA,NA,NA,NA,"2012 to 2017","3.098","NA","NA",NA,"z-score",NA,NA,NA,NA,NA
"ci1","Conditions of Childhood","composite_index","NA","Local Authority","Warrington","time_period","2012 to 2017","zscore_category","15-30%",NA,NA,NA,NA,"2012 to 2017","0.817","NA","NA",NA,"z-score",NA,NA,NA,NA,NA
"ci1","Conditions of Childhood","composite_index","NA","Local Authority","Warwickshire CC","time_period","2012 to 2017","zscore_category","15-30%",NA,NA,NA,NA,"2012 to 2017","0.708","NA","NA",NA,"z-score",NA,NA,NA,NA,NA
"ci1","Conditions of Childhood","composite_index","NA","Local Authority","West Berkshire","time_period","2012 to 2017","zscore_category","Top 5%",NA,NA,NA,NA,"2012 to 2017","1.693","NA","NA",NA,"z-score",NA,NA,NA,NA,NA
"ci1","Conditions of Childhood","composite_index","NA","Local Authority","West Dunbartonshire","time_period","2012 to 2017","zscore_category","30-70%",NA,NA,NA,NA,"2012 to 2017","-0.394","NA","NA",NA,"z-score",NA,NA,NA,NA,NA
"ci1","Conditions of Childhood","composite_index","NA","Local Authority","West Lothian","time_period","2012 to 2017","zscore_category","30-70%",NA,NA,NA,NA,"2012 to 2017","0.112","NA","NA",NA,"z-score",NA,NA,NA,NA,NA
"ci1","Conditions of Childhood","composite_index","NA","Local Authority","West Northamptonshire","time_period","2012 to 2017","zscore_category","30-70%",NA,NA,NA,NA,"2012 to 2017","0.102","NA","NA",NA,"z-score",NA,NA,NA,NA,NA
"ci1","Conditions of Childhood","composite_index","NA","Local Authority","West Sussex","time_period","2012 to 2017","zscore_category","15-30%",NA,NA,NA,NA,"2012 to 2017","0.694","NA","NA",NA,"z-score",NA,NA,NA,NA,NA
"ci1","Conditions of Childhood","composite_index","NA","Local Authority","Westminster","time_period","2012 to 2017","zscore_category","Top 5%",NA,NA,NA,NA,"2012 to 2017","1.888","NA","NA",NA,"z-score",NA,NA,NA,NA,NA
"ci1","Conditions of Childhood","composite_index","NA","Local Authority","Wigan","time_period","2012 to 2017","zscore_category","70-85%",NA,NA,NA,NA,"2012 to 2017","-0.664","NA","NA",NA,"z-score",NA,NA,NA,NA,NA
"ci1","Conditions of Childhood","composite_index","NA","Local Authority","Wiltshire","time_period","2012 to 2017","zscore_category","15-30%",NA,NA,NA,NA,"2012 to 2017","0.895","NA","NA",NA,"z-score",NA,NA,NA,NA,NA
"ci1","Conditions of Childhood","composite_index","NA","Local Authority","Windsor and Maidenhead","time_period","2012 to 2017","zscore_category","Top 5%",NA,NA,NA,NA,"2012 to 2017","2.312","NA","NA",NA,"z-score",NA,NA,NA,NA,NA
"ci1","Conditions of Childhood","composite_index","NA","Local Authority","Wirral","time_period","2012 to 2017","zscore_category","30-70%",NA,NA,NA,NA,"2012 to 2017","-0.125","NA","NA",NA,"z-score",NA,NA,NA,NA,NA
"ci1","Conditions of Childhood","composite_index","NA","Local Authority","Wokingham","time_period","2012 to 2017","zscore_category","Top 5%",NA,NA,NA,NA,"2012 to 2017","2.498","NA","NA",NA,"z-score",NA,NA,NA,NA,NA
"ci1","Conditions of Childhood","composite_index","NA","Local Authority","Wolverhampton","time_period","2012 to 2017","zscore_category","70-85%",NA,NA,NA,NA,"2012 to 2017","-0.810","NA","NA",NA,"z-score",NA,NA,NA,NA,NA
"ci1","Conditions of Childhood","composite_index","NA","Local Authority","Worcestershire CC","time_period","2012 to 2017","zscore_category","15-30%",NA,NA,NA,NA,"2012 to 2017","0.660","NA","NA",NA,"z-score",NA,NA,NA,NA,NA
"ci1","Conditions of Childhood","composite_index","NA","Local Authority","Wrexham","time_period","2012 to 2017","zscore_category","70-85%",NA,NA,NA,NA,"2012 to 2017","-0.584","NA","NA",NA,"z-score",NA,NA,NA,NA,NA
"ci1","Conditions of Childhood","composite_index","NA","Local Authority","York","time_period","2012 to 2017","zscore_category","15-30%",NA,NA,NA,NA,"2012 to 2017","0.785","NA","NA",NA,"z-score",NA,NA,NA,NA,NA
"ci1","Conditions of Childhood","composite_index","NA","Local Authority","Aberdeen City","time_period","2018 to 2025","zscore_category","30-70%",NA,NA,NA,NA,"2018 to 2025","0.277","NA","NA",NA,"z-score",NA,NA,NA,NA,NA
"ci1","Conditions of Childhood","composite_index","NA","Local Authority","Aberdeenshire","time_period","2018 to 2025","zscore_category","15-30%",NA,NA,NA,NA,"2018 to 2025","0.991","NA","NA",NA,"z-score",NA,NA,NA,NA,NA
"ci1","Conditions of Childhood","composite_index","NA","Local Authority","Angus","time_period","2018 to 2025","zscore_category","30-70%",NA,NA,NA,NA,"2018 to 2025","-0.299","NA","NA",NA,"z-score",NA,NA,NA,NA,NA
"ci1","Conditions of Childhood","composite_index","NA","Local Authority","Argyll and Bute Islands","time_period","2018 to 2025","zscore_category","70-85%",NA,NA,NA,NA,"2018 to 2025","-0.667","NA","NA",NA,"z-score",NA,NA,NA,NA,NA
"ci1","Conditions of Childhood","composite_index","NA","Local Authority","Barking and Dagenham","time_period","2018 to 2025","zscore_category","70-85%",NA,NA,NA,NA,"2018 to 2025","-0.918","NA","NA",NA,"z-score",NA,NA,NA,NA,NA
"ci1","Conditions of Childhood","composite_index","NA","Local Authority","Barnet","time_period","2018 to 2025","zscore_category","5-15%",NA,NA,NA,NA,"2018 to 2025","1.353","NA","NA",NA,"z-score",NA,NA,NA,NA,NA
"ci1","Conditions of Childhood","composite_index","NA","Local Authority","Barnsley","time_period","2018 to 2025","zscore_category","85-95%",NA,NA,NA,NA,"2018 to 2025","-1.162","NA","NA",NA,"z-score",NA,NA,NA,NA,NA
"ci1","Conditions of Childhood","composite_index","NA","Local Authority","Bath and North East Somerset","time_period","2018 to 2025","zscore_category","5-15%",NA,NA,NA,NA,"2018 to 2025","1.451","NA","NA",NA,"z-score",NA,NA,NA,NA,NA
"ci1","Conditions of Childhood","composite_index","NA","Local Authority","Bedford","time_period","2018 to 2025","zscore_category","15-30%",NA,NA,NA,NA,"2018 to 2025","0.569","NA","NA",NA,"z-score",NA,NA,NA,NA,NA
"ci1","Conditions of Childhood","composite_index","NA","Local Authority","Bexley","time_period","2018 to 2025","zscore_category","30-70%",NA,NA,NA,NA,"2018 to 2025","0.474","NA","NA",NA,"z-score",NA,NA,NA,NA,NA
"ci1","Conditions of Childhood","composite_index","NA","Local Authority","Birmingham","time_period","2018 to 2025","zscore_category","70-85%",NA,NA,NA,NA,"2018 to 2025","-0.862","NA","NA",NA,"z-score",NA,NA,NA,NA,NA
"ci1","Conditions of Childhood","composite_index","NA","Local Authority","Blackburn with Darwen","time_period","2018 to 2025","zscore_category","Bottom 5%",NA,NA,NA,NA,"2018 to 2025","-2.032","NA","NA",NA,"z-score",NA,NA,NA,NA,NA
"ci1","Conditions of Childhood","composite_index","NA","Local Authority","Blackpool","time_period","2018 to 2025","zscore_category","85-95%",NA,NA,NA,NA,"2018 to 2025","-1.039","NA","NA",NA,"z-score",NA,NA,NA,NA,NA
"ci1","Conditions of Childhood","composite_index","NA","Local Authority","Blaenau Gwent","time_period","2018 to 2025","zscore_category","85-95%",NA,NA,NA,NA,"2018 to 2025","-1.267","NA","NA",NA,"z-score",NA,NA,NA,NA,NA
"ci1","Conditions of Childhood","composite_index","NA","Local Authority","Bolton","time_period","2018 to 2025","zscore_category","70-85%",NA,NA,NA,NA,"2018 to 2025","-0.810","NA","NA",NA,"z-score",NA,NA,NA,NA,NA
"ci1","Conditions of Childhood","composite_index","NA","Local Authority","Bournemouth, Christchurch and Poole","time_period","2018 to 2025","zscore_category","30-70%",NA,NA,NA,NA,"2018 to 2025","0.289","NA","NA",NA,"z-score",NA,NA,NA,NA,NA
"ci1","Conditions of Childhood","composite_index","NA","Local Authority","Bracknell Forest","time_period","2018 to 2025","zscore_category","15-30%",NA,NA,NA,NA,"2018 to 2025","0.740","NA","NA",NA,"z-score",NA,NA,NA,NA,NA
"ci1","Conditions of Childhood","composite_index","NA","Local Authority","Bradford","time_period","2018 to 2025","zscore_category","70-85%",NA,NA,NA,NA,"2018 to 2025","-0.968","NA","NA",NA,"z-score",NA,NA,NA,NA,NA
"ci1","Conditions of Childhood","composite_index","NA","Local Authority","Brent","time_period","2018 to 2025","zscore_category","30-70%",NA,NA,NA,NA,"2018 to 2025","0.021","NA","NA",NA,"z-score",NA,NA,NA,NA,NA
"ci1","Conditions of Childhood","composite_index","NA","Local Authority","Bridgend","time_period","2018 to 2025","zscore_category","30-70%",NA,NA,NA,NA,"2018 to 2025","-0.496","NA","NA",NA,"z-score",NA,NA,NA,NA,NA
"ci1","Conditions of Childhood","composite_index","NA","Local Authority","Brighton and Hove","time_period","2018 to 2025","zscore_category","5-15%",NA,NA,NA,NA,"2018 to 2025","1.357","NA","NA",NA,"z-score",NA,NA,NA,NA,NA
"ci1","Conditions of Childhood","composite_index","NA","Local Authority","Bristol, City of","time_period","2018 to 2025","zscore_category","15-30%",NA,NA,NA,NA,"2018 to 2025","0.878","NA","NA",NA,"z-score",NA,NA,NA,NA,NA
"ci1","Conditions of Childhood","composite_index","NA","Local Authority","Bromley","time_period","2018 to 2025","zscore_category","Top 5%",NA,NA,NA,NA,"2018 to 2025","1.663","NA","NA",NA,"z-score",NA,NA,NA,NA,NA
"ci1","Conditions of Childhood","composite_index","NA","Local Authority","Buckinghamshire","time_period","2018 to 2025","zscore_category","Top 5%",NA,NA,NA,NA,"2018 to 2025","1.563","NA","NA",NA,"z-score",NA,NA,NA,NA,NA
"ci1","Conditions of Childhood","composite_index","NA","Local Authority","Bury","time_period","2018 to 2025","zscore_category","30-70%",NA,NA,NA,NA,"2018 to 2025","0.212","NA","NA",NA,"z-score",NA,NA,NA,NA,NA
"ci1","Conditions of Childhood","composite_index","NA","Local Authority","Caerphilly","time_period","2018 to 2025","zscore_category","70-85%",NA,NA,NA,NA,"2018 to 2025","-0.757","NA","NA",NA,"z-score",NA,NA,NA,NA,NA
"ci1","Conditions of Childhood","composite_index","NA","Local Authority","Calderdale","time_period","2018 to 2025","zscore_category","30-70%",NA,NA,NA,NA,"2018 to 2025","-0.353","NA","NA",NA,"z-score",NA,NA,NA,NA,NA
"ci1","Conditions of Childhood","composite_index","NA","Local Authority","Cambridgeshire CC","time_period","2018 to 2025","zscore_category","15-30%",NA,NA,NA,NA,"2018 to 2025","0.777","NA","NA",NA,"z-score",NA,NA,NA,NA,NA
"ci1","Conditions of Childhood","composite_index","NA","Local Authority","Camden and City of London","time_period","2018 to 2025","zscore_category","Top 5%",NA,NA,NA,NA,"2018 to 2025","2.173","NA","NA",NA,"z-score",NA,NA,NA,NA,NA
"ci1","Conditions of Childhood","composite_index","NA","Local Authority","Cardiff","time_period","2018 to 2025","zscore_category","15-30%",NA,NA,NA,NA,"2018 to 2025","0.915","NA","NA",NA,"z-score",NA,NA,NA,NA,NA
"ci1","Conditions of Childhood","composite_index","NA","Local Authority","Carmarthenshire","time_period","2018 to 2025","zscore_category","30-70%",NA,NA,NA,NA,"2018 to 2025","-0.491","NA","NA",NA,"z-score",NA,NA,NA,NA,NA
"ci1","Conditions of Childhood","composite_index","NA","Local Authority","Central Bedfordshire","time_period","2018 to 2025","zscore_category","15-30%",NA,NA,NA,NA,"2018 to 2025","0.669","NA","NA",NA,"z-score",NA,NA,NA,NA,NA
"ci1","Conditions of Childhood","composite_index","NA","Local Authority","Ceredigion","time_period","2018 to 2025","zscore_category","30-70%",NA,NA,NA,NA,"2018 to 2025","0.030","NA","NA",NA,"z-score",NA,NA,NA,NA,NA
"ci1","Conditions of Childhood","composite_index","NA","Local Authority","Cheshire East","time_period","2018 to 2025","zscore_category","15-30%",NA,NA,NA,NA,"2018 to 2025","0.700","NA","NA",NA,"z-score",NA,NA,NA,NA,NA
"ci1","Conditions of Childhood","composite_index","NA","Local Authority","Cheshire West and Chester","time_period","2018 to 2025","zscore_category","Top 5%",NA,NA,NA,NA,"2018 to 2025","1.529","NA","NA",NA,"z-score",NA,NA,NA,NA,NA
"ci1","Conditions of Childhood","composite_index","NA","Local Authority","City of Edinburgh","time_period","2018 to 2025","zscore_category","5-15%",NA,NA,NA,NA,"2018 to 2025","1.423","NA","NA",NA,"z-score",NA,NA,NA,NA,NA
"ci1","Conditions of Childhood","composite_index","NA","Local Authority","Clackmannanshire","time_period","2018 to 2025","zscore_category","70-85%",NA,NA,NA,NA,"2018 to 2025","-0.942","NA","NA",NA,"z-score",NA,NA,NA,NA,NA
"ci1","Conditions of Childhood","composite_index","NA","Local Authority","Conwy","time_period","2018 to 2025","zscore_category","70-85%",NA,NA,NA,NA,"2018 to 2025","-0.802","NA","NA",NA,"z-score",NA,NA,NA,NA,NA
"ci1","Conditions of Childhood","composite_index","NA","Local Authority","Cornwall and Isles of Scilly","time_period","2018 to 2025","zscore_category","70-85%",NA,NA,NA,NA,"2018 to 2025","-0.671","NA","NA",NA,"z-score",NA,NA,NA,NA,NA
"ci1","Conditions of Childhood","composite_index","NA","Local Authority","Coventry","time_period","2018 to 2025","zscore_category","30-70%",NA,NA,NA,NA,"2018 to 2025","-0.455","NA","NA",NA,"z-score",NA,NA,NA,NA,NA
"ci1","Conditions of Childhood","composite_index","NA","Local Authority","Croydon","time_period","2018 to 2025","zscore_category","15-30%",NA,NA,NA,NA,"2018 to 2025","0.550","NA","NA",NA,"z-score",NA,NA,NA,NA,NA
"ci1","Conditions of Childhood","composite_index","NA","Local Authority","Cumbria","time_period","2018 to 2025","zscore_category","70-85%",NA,NA,NA,NA,"2018 to 2025","-0.704","NA","NA",NA,"z-score",NA,NA,NA,NA,NA
"ci1","Conditions of Childhood","composite_index","NA","Local Authority","Darlington","time_period","2018 to 2025","zscore_category","30-70%",NA,NA,NA,NA,"2018 to 2025","-0.173","NA","NA",NA,"z-score",NA,NA,NA,NA,NA
"ci1","Conditions of Childhood","composite_index","NA","Local Authority","Denbighshire","time_period","2018 to 2025","zscore_category","85-95%",NA,NA,NA,NA,"2018 to 2025","-1.236","NA","NA",NA,"z-score",NA,NA,NA,NA,NA
"ci1","Conditions of Childhood","composite_index","NA","Local Authority","Derby","time_period","2018 to 2025","zscore_category","30-70%",NA,NA,NA,NA,"2018 to 2025","-0.298","NA","NA",NA,"z-score",NA,NA,NA,NA,NA
"ci1","Conditions of Childhood","composite_index","NA","Local Authority","Derbyshire","time_period","2018 to 2025","zscore_category","30-70%",NA,NA,NA,NA,"2018 to 2025","-0.120","NA","NA",NA,"z-score",NA,NA,NA,NA,NA
"ci1","Conditions of Childhood","composite_index","NA","Local Authority","Devon CC","time_period","2018 to 2025","zscore_category","30-70%",NA,NA,NA,NA,"2018 to 2025","0.157","NA","NA",NA,"z-score",NA,NA,NA,NA,NA
"ci1","Conditions of Childhood","composite_index","NA","Local Authority","Doncaster","time_period","2018 to 2025","zscore_category","85-95%",NA,NA,NA,NA,"2018 to 2025","-1.491","NA","NA",NA,"z-score",NA,NA,NA,NA,NA
"ci1","Conditions of Childhood","composite_index","NA","Local Authority","Dorset","time_period","2018 to 2025","zscore_category","30-70%",NA,NA,NA,NA,"2018 to 2025","-0.118","NA","NA",NA,"z-score",NA,NA,NA,NA,NA
"ci1","Conditions of Childhood","composite_index","NA","Local Authority","Dudley","time_period","2018 to 2025","zscore_category","70-85%",NA,NA,NA,NA,"2018 to 2025","-0.512","NA","NA",NA,"z-score",NA,NA,NA,NA,NA
"ci1","Conditions of Childhood","composite_index","NA","Local Authority","Dumfries and Galloway","time_period","2018 to 2025","zscore_category","70-85%",NA,NA,NA,NA,"2018 to 2025","-0.615","NA","NA",NA,"z-score",NA,NA,NA,NA,NA
"ci1","Conditions of Childhood","composite_index","NA","Local Authority","Dundee City","time_period","2018 to 2025","zscore_category","30-70%",NA,NA,NA,NA,"2018 to 2025","-0.444","NA","NA",NA,"z-score",NA,NA,NA,NA,NA
"ci1","Conditions of Childhood","composite_index","NA","Local Authority","Durham","time_period","2018 to 2025","zscore_category","70-85%",NA,NA,NA,NA,"2018 to 2025","-0.947","NA","NA",NA,"z-score",NA,NA,NA,NA,NA
"ci1","Conditions of Childhood","composite_index","NA","Local Authority","Ealing","time_period","2018 to 2025","zscore_category","Top 5%",NA,NA,NA,NA,"2018 to 2025","1.577","NA","NA",NA,"z-score",NA,NA,NA,NA,NA
"ci1","Conditions of Childhood","composite_index","NA","Local Authority","East Ayrshire","time_period","2018 to 2025","zscore_category","70-85%",NA,NA,NA,NA,"2018 to 2025","-0.553","NA","NA",NA,"z-score",NA,NA,NA,NA,NA
"ci1","Conditions of Childhood","composite_index","NA","Local Authority","East Dunbartonshire","time_period","2018 to 2025","zscore_category","Top 5%",NA,NA,NA,NA,"2018 to 2025","1.647","NA","NA",NA,"z-score",NA,NA,NA,NA,NA
"ci1","Conditions of Childhood","composite_index","NA","Local Authority","East Lothian","time_period","2018 to 2025","zscore_category","15-30%",NA,NA,NA,NA,"2018 to 2025","0.856","NA","NA",NA,"z-score",NA,NA,NA,NA,NA
"ci1","Conditions of Childhood","composite_index","NA","Local Authority","East Renfrewshire","time_period","2018 to 2025","zscore_category","Top 5%",NA,NA,NA,NA,"2018 to 2025","1.666","NA","NA",NA,"z-score",NA,NA,NA,NA,NA
"ci1","Conditions of Childhood","composite_index","NA","Local Authority","East Riding of Yorkshire","time_period","2018 to 2025","zscore_category","30-70%",NA,NA,NA,NA,"2018 to 2025","-0.001","NA","NA",NA,"z-score",NA,NA,NA,NA,NA
"ci1","Conditions of Childhood","composite_index","NA","Local Authority","East Sussex CC","time_period","2018 to 2025","zscore_category","30-70%",NA,NA,NA,NA,"2018 to 2025","0.020","NA","NA",NA,"z-score",NA,NA,NA,NA,NA
"ci1","Conditions of Childhood","composite_index","NA","Local Authority","Enfield","time_period","2018 to 2025","zscore_category","30-70%",NA,NA,NA,NA,"2018 to 2025","-0.080","NA","NA",NA,"z-score",NA,NA,NA,NA,NA
"ci1","Conditions of Childhood","composite_index","NA","Local Authority","Essex","time_period","2018 to 2025","zscore_category","30-70%",NA,NA,NA,NA,"2018 to 2025","0.331","NA","NA",NA,"z-score",NA,NA,NA,NA,NA
"ci1","Conditions of Childhood","composite_index","NA","Local Authority","Falkirk","time_period","2018 to 2025","zscore_category","30-70%",NA,NA,NA,NA,"2018 to 2025","-0.444","NA","NA",NA,"z-score",NA,NA,NA,NA,NA
"ci1","Conditions of Childhood","composite_index","NA","Local Authority","Fife","time_period","2018 to 2025","zscore_category","30-70%",NA,NA,NA,NA,"2018 to 2025","-0.147","NA","NA",NA,"z-score",NA,NA,NA,NA,NA
"ci1","Conditions of Childhood","composite_index","NA","Local Authority","Flintshire","time_period","2018 to 2025","zscore_category","70-85%",NA,NA,NA,NA,"2018 to 2025","-0.660","NA","NA",NA,"z-score",NA,NA,NA,NA,NA
"ci1","Conditions of Childhood","composite_index","NA","Local Authority","Gateshead","time_period","2018 to 2025","zscore_category","70-85%",NA,NA,NA,NA,"2018 to 2025","-0.732","NA","NA",NA,"z-score",NA,NA,NA,NA,NA
"ci1","Conditions of Childhood","composite_index","NA","Local Authority","Glasgow City","time_period","2018 to 2025","zscore_category","70-85%",NA,NA,NA,NA,"2018 to 2025","-0.903","NA","NA",NA,"z-score",NA,NA,NA,NA,NA
"ci1","Conditions of Childhood","composite_index","NA","Local Authority","Gloucestershire CC","time_period","2018 to 2025","zscore_category","30-70%",NA,NA,NA,NA,"2018 to 2025","0.415","NA","NA",NA,"z-score",NA,NA,NA,NA,NA
"ci1","Conditions of Childhood","composite_index","NA","Local Authority","Greenwich","time_period","2018 to 2025","zscore_category","15-30%",NA,NA,NA,NA,"2018 to 2025","0.719","NA","NA",NA,"z-score",NA,NA,NA,NA,NA
"ci1","Conditions of Childhood","composite_index","NA","Local Authority","Gwynedd","time_period","2018 to 2025","zscore_category","30-70%",NA,NA,NA,NA,"2018 to 2025","-0.335","NA","NA",NA,"z-score",NA,NA,NA,NA,NA
"ci1","Conditions of Childhood","composite_index","NA","Local Authority","Hackney","time_period","2018 to 2025","zscore_category","15-30%",NA,NA,NA,NA,"2018 to 2025","0.733","NA","NA",NA,"z-score",NA,NA,NA,NA,NA
"ci1","Conditions of Childhood","composite_index","NA","Local Authority","Halton","time_period","2018 to 2025","zscore_category","70-85%",NA,NA,NA,NA,"2018 to 2025","-0.678","NA","NA",NA,"z-score",NA,NA,NA,NA,NA
"ci1","Conditions of Childhood","composite_index","NA","Local Authority","Hammersmith and Fulham","time_period","2018 to 2025","zscore_category","Top 5%",NA,NA,NA,NA,"2018 to 2025","2.316","NA","NA",NA,"z-score",NA,NA,NA,NA,NA
"ci1","Conditions of Childhood","composite_index","NA","Local Authority","Hampshire","time_period","2018 to 2025","zscore_category","15-30%",NA,NA,NA,NA,"2018 to 2025","0.866","NA","NA",NA,"z-score",NA,NA,NA,NA,NA
"ci1","Conditions of Childhood","composite_index","NA","Local Authority","Haringey","time_period","2018 to 2025","zscore_category","5-15%",NA,NA,NA,NA,"2018 to 2025","1.013","NA","NA",NA,"z-score",NA,NA,NA,NA,NA
"ci1","Conditions of Childhood","composite_index","NA","Local Authority","Harrow","time_period","2018 to 2025","zscore_category","5-15%",NA,NA,NA,NA,"2018 to 2025","1.090","NA","NA",NA,"z-score",NA,NA,NA,NA,NA
"ci1","Conditions of Childhood","composite_index","NA","Local Authority","Hartlepool","time_period","2018 to 2025","zscore_category","85-95%",NA,NA,NA,NA,"2018 to 2025","-1.271","NA","NA",NA,"z-score",NA,NA,NA,NA,NA
"ci1","Conditions of Childhood","composite_index","NA","Local Authority","Havering","time_period","2018 to 2025","zscore_category","15-30%",NA,NA,NA,NA,"2018 to 2025","0.653","NA","NA",NA,"z-score",NA,NA,NA,NA,NA
"ci1","Conditions of Childhood","composite_index","NA","Local Authority","Herefordshire, County of","time_period","2018 to 2025","zscore_category","30-70%",NA,NA,NA,NA,"2018 to 2025","-0.249","NA","NA",NA,"z-score",NA,NA,NA,NA,NA
"ci1","Conditions of Childhood","composite_index","NA","Local Authority","Hertfordshire CC","time_period","2018 to 2025","zscore_category","5-15%",NA,NA,NA,NA,"2018 to 2025","1.466","NA","NA",NA,"z-score",NA,NA,NA,NA,NA
"ci1","Conditions of Childhood","composite_index","NA","Local Authority","Highland","time_period","2018 to 2025","zscore_category","30-70%",NA,NA,NA,NA,"2018 to 2025","0.072","NA","NA",NA,"z-score",NA,NA,NA,NA,NA
"ci1","Conditions of Childhood","composite_index","NA","Local Authority","Hillingdon","time_period","2018 to 2025","zscore_category","30-70%",NA,NA,NA,NA,"2018 to 2025","0.159","NA","NA",NA,"z-score",NA,NA,NA,NA,NA
"ci1","Conditions of Childhood","composite_index","NA","Local Authority","Hounslow","time_period","2018 to 2025","zscore_category","15-30%",NA,NA,NA,NA,"2018 to 2025","0.645","NA","NA",NA,"z-score",NA,NA,NA,NA,NA
"ci1","Conditions of Childhood","composite_index","NA","Local Authority","Inverclyde","time_period","2018 to 2025","zscore_category","30-70%",NA,NA,NA,NA,"2018 to 2025","-0.478","NA","NA",NA,"z-score",NA,NA,NA,NA,NA
"ci1","Conditions of Childhood","composite_index","NA","Local Authority","Isle of Anglesey","time_period","2018 to 2025","zscore_category","30-70%",NA,NA,NA,NA,"2018 to 2025","-0.306","NA","NA",NA,"z-score",NA,NA,NA,NA,NA
"ci1","Conditions of Childhood","composite_index","NA","Local Authority","Isle of Wight","time_period","2018 to 2025","zscore_category","70-85%",NA,NA,NA,NA,"2018 to 2025","-0.908","NA","NA",NA,"z-score",NA,NA,NA,NA,NA
"ci1","Conditions of Childhood","composite_index","NA","Local Authority","Islington","time_period","2018 to 2025","zscore_category","Top 5%",NA,NA,NA,NA,"2018 to 2025","1.629","NA","NA",NA,"z-score",NA,NA,NA,NA,NA
"ci1","Conditions of Childhood","composite_index","NA","Local Authority","Kensington and Chelsea","time_period","2018 to 2025","zscore_category","Top 5%",NA,NA,NA,NA,"2018 to 2025","2.121","NA","NA",NA,"z-score",NA,NA,NA,NA,NA
"ci1","Conditions of Childhood","composite_index","NA","Local Authority","Kent","time_period","2018 to 2025","zscore_category","30-70%",NA,NA,NA,NA,"2018 to 2025","0.450","NA","NA",NA,"z-score",NA,NA,NA,NA,NA
"ci1","Conditions of Childhood","composite_index","NA","Local Authority","Kingston upon Hull, City of","time_period","2018 to 2025","zscore_category","Bottom 5%",NA,NA,NA,NA,"2018 to 2025","-1.924","NA","NA",NA,"z-score",NA,NA,NA,NA,NA
"ci1","Conditions of Childhood","composite_index","NA","Local Authority","Kingston upon Thames","time_period","2018 to 2025","zscore_category","Top 5%",NA,NA,NA,NA,"2018 to 2025","1.954","NA","NA",NA,"z-score",NA,NA,NA,NA,NA
"ci1","Conditions of Childhood","composite_index","NA","Local Authority","Kirklees","time_period","2018 to 2025","zscore_category","30-70%",NA,NA,NA,NA,"2018 to 2025","-0.491","NA","NA",NA,"z-score",NA,NA,NA,NA,NA
"ci1","Conditions of Childhood","composite_index","NA","Local Authority","Knowsley","time_period","2018 to 2025","zscore_category","70-85%",NA,NA,NA,NA,"2018 to 2025","-0.967","NA","NA",NA,"z-score",NA,NA,NA,NA,NA
"ci1","Conditions of Childhood","composite_index","NA","Local Authority","Lambeth","time_period","2018 to 2025","zscore_category","Top 5%",NA,NA,NA,NA,"2018 to 2025","1.845","NA","NA",NA,"z-score",NA,NA,NA,NA,NA
"ci1","Conditions of Childhood","composite_index","NA","Local Authority","Lancashire","time_period","2018 to 2025","zscore_category","30-70%",NA,NA,NA,NA,"2018 to 2025","-0.379","NA","NA",NA,"z-score",NA,NA,NA,NA,NA
"ci1","Conditions of Childhood","composite_index","NA","Local Authority","Leeds","time_period","2018 to 2025","zscore_category","30-70%",NA,NA,NA,NA,"2018 to 2025","0.362","NA","NA",NA,"z-score",NA,NA,NA,NA,NA
"ci1","Conditions of Childhood","composite_index","NA","Local Authority","Leicester","time_period","2018 to 2025","zscore_category","Bottom 5%",NA,NA,NA,NA,"2018 to 2025","-1.772","NA","NA",NA,"z-score",NA,NA,NA,NA,NA
"ci1","Conditions of Childhood","composite_index","NA","Local Authority","Leicestershire CC","time_period","2018 to 2025","zscore_category","30-70%",NA,NA,NA,NA,"2018 to 2025","0.368","NA","NA",NA,"z-score",NA,NA,NA,NA,NA
"ci1","Conditions of Childhood","composite_index","NA","Local Authority","Lewisham","time_period","2018 to 2025","zscore_category","5-15%",NA,NA,NA,NA,"2018 to 2025","1.321","NA","NA",NA,"z-score",NA,NA,NA,NA,NA
"ci1","Conditions of Childhood","composite_index","NA","Local Authority","Lincolnshire CC","time_period","2018 to 2025","zscore_category","70-85%",NA,NA,NA,NA,"2018 to 2025","-0.876","NA","NA",NA,"z-score",NA,NA,NA,NA,NA
"ci1","Conditions of Childhood","composite_index","NA","Local Authority","Liverpool","time_period","2018 to 2025","zscore_category","30-70%",NA,NA,NA,NA,"2018 to 2025","0.059","NA","NA",NA,"z-score",NA,NA,NA,NA,NA
"ci1","Conditions of Childhood","composite_index","NA","Local Authority","Luton","time_period","2018 to 2025","zscore_category","85-95%",NA,NA,NA,NA,"2018 to 2025","-1.109","NA","NA",NA,"z-score",NA,NA,NA,NA,NA
"ci1","Conditions of Childhood","composite_index","NA","Local Authority","Manchester","time_period","2018 to 2025","zscore_category","70-85%",NA,NA,NA,NA,"2018 to 2025","-0.584","NA","NA",NA,"z-score",NA,NA,NA,NA,NA
"ci1","Conditions of Childhood","composite_index","NA","Local Authority","Medway","time_period","2018 to 2025","zscore_category","30-70%",NA,NA,NA,NA,"2018 to 2025","-0.116","NA","NA",NA,"z-score",NA,NA,NA,NA,NA
"ci1","Conditions of Childhood","composite_index","NA","Local Authority","Merthyr Tydfil","time_period","2018 to 2025","zscore_category","85-95%",NA,NA,NA,NA,"2018 to 2025","-1.257","NA","NA",NA,"z-score",NA,NA,NA,NA,NA
"ci1","Conditions of Childhood","composite_index","NA","Local Authority","Merton","time_period","2018 to 2025","zscore_category","5-15%",NA,NA,NA,NA,"2018 to 2025","1.418","NA","NA",NA,"z-score",NA,NA,NA,NA,NA
"ci1","Conditions of Childhood","composite_index","NA","Local Authority","Middlesbrough","time_period","2018 to 2025","zscore_category","Bottom 5%",NA,NA,NA,NA,"2018 to 2025","-1.895","NA","NA",NA,"z-score",NA,NA,NA,NA,NA
"ci1","Conditions of Childhood","composite_index","NA","Local Authority","Midlothian","time_period","2018 to 2025","zscore_category","15-30%",NA,NA,NA,NA,"2018 to 2025","0.751","NA","NA",NA,"z-score",NA,NA,NA,NA,NA
"ci1","Conditions of Childhood","composite_index","NA","Local Authority","Milton Keynes","time_period","2018 to 2025","zscore_category","15-30%",NA,NA,NA,NA,"2018 to 2025","0.579","NA","NA",NA,"z-score",NA,NA,NA,NA,NA
"ci1","Conditions of Childhood","composite_index","NA","Local Authority","Monmouthshire","time_period","2018 to 2025","zscore_category","15-30%",NA,NA,NA,NA,"2018 to 2025","0.644","NA","NA",NA,"z-score",NA,NA,NA,NA,NA
"ci1","Conditions of Childhood","composite_index","NA","Local Authority","Moray","time_period","2018 to 2025","zscore_category","70-85%",NA,NA,NA,NA,"2018 to 2025","-0.841","NA","NA",NA,"z-score",NA,NA,NA,NA,NA
"ci1","Conditions of Childhood","composite_index","NA","Local Authority","Na h-Eileanan Siar","time_period","2018 to 2025","zscore_category","30-70%",NA,NA,NA,NA,"2018 to 2025","0.008","NA","NA",NA,"z-score",NA,NA,NA,NA,NA
"ci1","Conditions of Childhood","composite_index","NA","Local Authority","Neath Port Talbot","time_period","2018 to 2025","zscore_category","70-85%",NA,NA,NA,NA,"2018 to 2025","-0.564","NA","NA",NA,"z-score",NA,NA,NA,NA,NA
"ci1","Conditions of Childhood","composite_index","NA","Local Authority","Newcastle upon Tyne","time_period","2018 to 2025","zscore_category","30-70%",NA,NA,NA,NA,"2018 to 2025","-0.265","NA","NA",NA,"z-score",NA,NA,NA,NA,NA
"ci1","Conditions of Childhood","composite_index","NA","Local Authority","Newham","time_period","2018 to 2025","zscore_category","85-95%",NA,NA,NA,NA,"2018 to 2025","-1.087","NA","NA",NA,"z-score",NA,NA,NA,NA,NA
"ci1","Conditions of Childhood","composite_index","NA","Local Authority","Newport","time_period","2018 to 2025","zscore_category","70-85%",NA,NA,NA,NA,"2018 to 2025","-0.650","NA","NA",NA,"z-score",NA,NA,NA,NA,NA
"ci1","Conditions of Childhood","composite_index","NA","Local Authority","North Ayrshire mainland","time_period","2018 to 2025","zscore_category","85-95%",NA,NA,NA,NA,"2018 to 2025","-1.391","NA","NA",NA,"z-score",NA,NA,NA,NA,NA
"ci1","Conditions of Childhood","composite_index","NA","Local Authority","North East Lincolnshire","time_period","2018 to 2025","zscore_category","Bottom 5%",NA,NA,NA,NA,"2018 to 2025","-1.903","NA","NA",NA,"z-score",NA,NA,NA,NA,NA
"ci1","Conditions of Childhood","composite_index","NA","Local Authority","North Lanarkshire","time_period","2018 to 2025","zscore_category","70-85%",NA,NA,NA,NA,"2018 to 2025","-0.856","NA","NA",NA,"z-score",NA,NA,NA,NA,NA
"ci1","Conditions of Childhood","composite_index","NA","Local Authority","North Lincolnshire","time_period","2018 to 2025","zscore_category","85-95%",NA,NA,NA,NA,"2018 to 2025","-1.350","NA","NA",NA,"z-score",NA,NA,NA,NA,NA
"ci1","Conditions of Childhood","composite_index","NA","Local Authority","North Northamptonshire","time_period","2018 to 2025","zscore_category","70-85%",NA,NA,NA,NA,"2018 to 2025","-0.865","NA","NA",NA,"z-score",NA,NA,NA,NA,NA
"ci1","Conditions of Childhood","composite_index","NA","Local Authority","North Somerset","time_period","2018 to 2025","zscore_category","15-30%",NA,NA,NA,NA,"2018 to 2025","0.642","NA","NA",NA,"z-score",NA,NA,NA,NA,NA
"ci1","Conditions of Childhood","composite_index","NA","Local Authority","North Tyneside","time_period","2018 to 2025","zscore_category","30-70%",NA,NA,NA,NA,"2018 to 2025","-0.120","NA","NA",NA,"z-score",NA,NA,NA,NA,NA
"ci1","Conditions of Childhood","composite_index","NA","Local Authority","North Yorkshire CC","time_period","2018 to 2025","zscore_category","30-70%",NA,NA,NA,NA,"2018 to 2025","0.275","NA","NA",NA,"z-score",NA,NA,NA,NA,NA
"ci1","Conditions of Childhood","composite_index","NA","Local Authority","Northern Ireland","time_period","2018 to 2025","zscore_category","30-70%",NA,NA,NA,NA,"2018 to 2025","-0.459","NA","NA",NA,"z-score",NA,NA,NA,NA,NA
"ci1","Conditions of Childhood","composite_index","NA","Local Authority","Northumberland","time_period","2018 to 2025","zscore_category","70-85%",NA,NA,NA,NA,"2018 to 2025","-0.542","NA","NA",NA,"z-score",NA,NA,NA,NA,NA
"ci1","Conditions of Childhood","composite_index","NA","Local Authority","Norwich and Norfolk","time_period","2018 to 2025","zscore_category","70-85%",NA,NA,NA,NA,"2018 to 2025","-0.709","NA","NA",NA,"z-score",NA,NA,NA,NA,NA
"ci1","Conditions of Childhood","composite_index","NA","Local Authority","Nottingham","time_period","2018 to 2025","zscore_category","85-95%",NA,NA,NA,NA,"2018 to 2025","-1.043","NA","NA",NA,"z-score",NA,NA,NA,NA,NA
"ci1","Conditions of Childhood","composite_index","NA","Local Authority","Nottinghamshire","time_period","2018 to 2025","zscore_category","30-70%",NA,NA,NA,NA,"2018 to 2025","0.135","NA","NA",NA,"z-score",NA,NA,NA,NA,NA
"ci1","Conditions of Childhood","composite_index","NA","Local Authority","Oldham","time_period","2018 to 2025","zscore_category","85-95%",NA,NA,NA,NA,"2018 to 2025","-1.349","NA","NA",NA,"z-score",NA,NA,NA,NA,NA
"ci1","Conditions of Childhood","composite_index","NA","Local Authority","Orkney Islands","time_period","2018 to 2025","zscore_category","30-70%",NA,NA,NA,NA,"2018 to 2025","-0.148","NA","NA",NA,"z-score",NA,NA,NA,NA,NA
"ci1","Conditions of Childhood","composite_index","NA","Local Authority","Oxfordshire CC","time_period","2018 to 2025","zscore_category","Top 5%",NA,NA,NA,NA,"2018 to 2025","1.545","NA","NA",NA,"z-score",NA,NA,NA,NA,NA
"ci1","Conditions of Childhood","composite_index","NA","Local Authority","Pembrokeshire","time_period","2018 to 2025","zscore_category","70-85%",NA,NA,NA,NA,"2018 to 2025","-0.993","NA","NA",NA,"z-score",NA,NA,NA,NA,NA
"ci1","Conditions of Childhood","composite_index","NA","Local Authority","Perth and Kinross","time_period","2018 to 2025","zscore_category","30-70%",NA,NA,NA,NA,"2018 to 2025","0.388","NA","NA",NA,"z-score",NA,NA,NA,NA,NA
"ci1","Conditions of Childhood","composite_index","NA","Local Authority","Peterborough","time_period","2018 to 2025","zscore_category","70-85%",NA,NA,NA,NA,"2018 to 2025","-0.698","NA","NA",NA,"z-score",NA,NA,NA,NA,NA
"ci1","Conditions of Childhood","composite_index","NA","Local Authority","Plymouth","time_period","2018 to 2025","zscore_category","70-85%",NA,NA,NA,NA,"2018 to 2025","-0.929","NA","NA",NA,"z-score",NA,NA,NA,NA,NA
"ci1","Conditions of Childhood","composite_index","NA","Local Authority","Portsmouth","time_period","2018 to 2025","zscore_category","30-70%",NA,NA,NA,NA,"2018 to 2025","-0.373","NA","NA",NA,"z-score",NA,NA,NA,NA,NA
"ci1","Conditions of Childhood","composite_index","NA","Local Authority","Powys","time_period","2018 to 2025","zscore_category","70-85%",NA,NA,NA,NA,"2018 to 2025","-0.708","NA","NA",NA,"z-score",NA,NA,NA,NA,NA
"ci1","Conditions of Childhood","composite_index","NA","Local Authority","Reading","time_period","2018 to 2025","zscore_category","5-15%",NA,NA,NA,NA,"2018 to 2025","1.125","NA","NA",NA,"z-score",NA,NA,NA,NA,NA
"ci1","Conditions of Childhood","composite_index","NA","Local Authority","Redbridge","time_period","2018 to 2025","zscore_category","30-70%",NA,NA,NA,NA,"2018 to 2025","0.411","NA","NA",NA,"z-score",NA,NA,NA,NA,NA
"ci1","Conditions of Childhood","composite_index","NA","Local Authority","Redcar and Cleveland","time_period","2018 to 2025","zscore_category","85-95%",NA,NA,NA,NA,"2018 to 2025","-1.329","NA","NA",NA,"z-score",NA,NA,NA,NA,NA
"ci1","Conditions of Childhood","composite_index","NA","Local Authority","Renfrewshire","time_period","2018 to 2025","zscore_category","30-70%",NA,NA,NA,NA,"2018 to 2025","0.033","NA","NA",NA,"z-score",NA,NA,NA,NA,NA
"ci1","Conditions of Childhood","composite_index","NA","Local Authority","Rhondda Cynon Taf","time_period","2018 to 2025","zscore_category","85-95%",NA,NA,NA,NA,"2018 to 2025","-1.069","NA","NA",NA,"z-score",NA,NA,NA,NA,NA
"ci1","Conditions of Childhood","composite_index","NA","Local Authority","Richmond upon Thames","time_period","2018 to 2025","zscore_category","Top 5%",NA,NA,NA,NA,"2018 to 2025","2.612","NA","NA",NA,"z-score",NA,NA,NA,NA,NA
"ci1","Conditions of Childhood","composite_index","NA","Local Authority","Rochdale","time_period","2018 to 2025","zscore_category","Bottom 5%",NA,NA,NA,NA,"2018 to 2025","-1.574","NA","NA",NA,"z-score",NA,NA,NA,NA,NA
"ci1","Conditions of Childhood","composite_index","NA","Local Authority","Rotherham","time_period","2018 to 2025","zscore_category","70-85%",NA,NA,NA,NA,"2018 to 2025","-0.895","NA","NA",NA,"z-score",NA,NA,NA,NA,NA
"ci1","Conditions of Childhood","composite_index","NA","Local Authority","Rutland","time_period","2018 to 2025","zscore_category","15-30%",NA,NA,NA,NA,"2018 to 2025","0.526","NA","NA",NA,"z-score",NA,NA,NA,NA,NA
"ci1","Conditions of Childhood","composite_index","NA","Local Authority","Salford","time_period","2018 to 2025","zscore_category","70-85%",NA,NA,NA,NA,"2018 to 2025","-0.507","NA","NA",NA,"z-score",NA,NA,NA,NA,NA
"ci1","Conditions of Childhood","composite_index","NA","Local Authority","Sandwell","time_period","2018 to 2025","zscore_category","Bottom 5%",NA,NA,NA,NA,"2018 to 2025","-1.733","NA","NA",NA,"z-score",NA,NA,NA,NA,NA
"ci1","Conditions of Childhood","composite_index","NA","Local Authority","Scottish Borders","time_period","2018 to 2025","zscore_category","30-70%",NA,NA,NA,NA,"2018 to 2025","-0.212","NA","NA",NA,"z-score",NA,NA,NA,NA,NA
"ci1","Conditions of Childhood","composite_index","NA","Local Authority","Sefton","time_period","2018 to 2025","zscore_category","30-70%",NA,NA,NA,NA,"2018 to 2025","0.070","NA","NA",NA,"z-score",NA,NA,NA,NA,NA
"ci1","Conditions of Childhood","composite_index","NA","Local Authority","Sheffield","time_period","2018 to 2025","zscore_category","30-70%",NA,NA,NA,NA,"2018 to 2025","0.179","NA","NA",NA,"z-score",NA,NA,NA,NA,NA
"ci1","Conditions of Childhood","composite_index","NA","Local Authority","Shetland Islands","time_period","2018 to 2025","zscore_category","70-85%",NA,NA,NA,NA,"2018 to 2025","-0.580","NA","NA",NA,"z-score",NA,NA,NA,NA,NA
"ci1","Conditions of Childhood","composite_index","NA","Local Authority","Shropshire","time_period","2018 to 2025","zscore_category","30-70%",NA,NA,NA,NA,"2018 to 2025","0.045","NA","NA",NA,"z-score",NA,NA,NA,NA,NA
"ci1","Conditions of Childhood","composite_index","NA","Local Authority","Slough","time_period","2018 to 2025","zscore_category","30-70%",NA,NA,NA,NA,"2018 to 2025","-0.106","NA","NA",NA,"z-score",NA,NA,NA,NA,NA
"ci1","Conditions of Childhood","composite_index","NA","Local Authority","Solihull","time_period","2018 to 2025","zscore_category","5-15%",NA,NA,NA,NA,"2018 to 2025","1.211","NA","NA",NA,"z-score",NA,NA,NA,NA,NA
"ci1","Conditions of Childhood","composite_index","NA","Local Authority","Somerset CC","time_period","2018 to 2025","zscore_category","30-70%",NA,NA,NA,NA,"2018 to 2025","-0.249","NA","NA",NA,"z-score",NA,NA,NA,NA,NA
"ci1","Conditions of Childhood","composite_index","NA","Local Authority","South Ayrshire","time_period","2018 to 2025","zscore_category","30-70%",NA,NA,NA,NA,"2018 to 2025","-0.245","NA","NA",NA,"z-score",NA,NA,NA,NA,NA
"ci1","Conditions of Childhood","composite_index","NA","Local Authority","South Gloucestershire","time_period","2018 to 2025","zscore_category","15-30%",NA,NA,NA,NA,"2018 to 2025","0.708","NA","NA",NA,"z-score",NA,NA,NA,NA,NA
"ci1","Conditions of Childhood","composite_index","NA","Local Authority","South Lanarkshire","time_period","2018 to 2025","zscore_category","30-70%",NA,NA,NA,NA,"2018 to 2025","-0.305","NA","NA",NA,"z-score",NA,NA,NA,NA,NA
"ci1","Conditions of Childhood","composite_index","NA","Local Authority","South Tyneside","time_period","2018 to 2025","zscore_category","70-85%",NA,NA,NA,NA,"2018 to 2025","-0.731","NA","NA",NA,"z-score",NA,NA,NA,NA,NA
"ci1","Conditions of Childhood","composite_index","NA","Local Authority","Southampton","time_period","2018 to 2025","zscore_category","70-85%",NA,NA,NA,NA,"2018 to 2025","-0.573","NA","NA",NA,"z-score",NA,NA,NA,NA,NA
"ci1","Conditions of Childhood","composite_index","NA","Local Authority","Southend-on-Sea","time_period","2018 to 2025","zscore_category","30-70%",NA,NA,NA,NA,"2018 to 2025","-0.360","NA","NA",NA,"z-score",NA,NA,NA,NA,NA
"ci1","Conditions of Childhood","composite_index","NA","Local Authority","Southwark","time_period","2018 to 2025","zscore_category","5-15%",NA,NA,NA,NA,"2018 to 2025","1.431","NA","NA",NA,"z-score",NA,NA,NA,NA,NA
"ci1","Conditions of Childhood","composite_index","NA","Local Authority","St Helens","time_period","2018 to 2025","zscore_category","70-85%",NA,NA,NA,NA,"2018 to 2025","-0.680","NA","NA",NA,"z-score",NA,NA,NA,NA,NA
"ci1","Conditions of Childhood","composite_index","NA","Local Authority","Staffordshire CC","time_period","2018 to 2025","zscore_category","30-70%",NA,NA,NA,NA,"2018 to 2025","0.286","NA","NA",NA,"z-score",NA,NA,NA,NA,NA
"ci1","Conditions of Childhood","composite_index","NA","Local Authority","Stirling","time_period","2018 to 2025","zscore_category","15-30%",NA,NA,NA,NA,"2018 to 2025","0.766","NA","NA",NA,"z-score",NA,NA,NA,NA,NA
"ci1","Conditions of Childhood","composite_index","NA","Local Authority","Stockport","time_period","2018 to 2025","zscore_category","5-15%",NA,NA,NA,NA,"2018 to 2025","1.075","NA","NA",NA,"z-score",NA,NA,NA,NA,NA
"ci1","Conditions of Childhood","composite_index","NA","Local Authority","Stockton-on-Tees","time_period","2018 to 2025","zscore_category","70-85%",NA,NA,NA,NA,"2018 to 2025","-0.603","NA","NA",NA,"z-score",NA,NA,NA,NA,NA
"ci1","Conditions of Childhood","composite_index","NA","Local Authority","Stoke-on-Trent","time_period","2018 to 2025","zscore_category","85-95%",NA,NA,NA,NA,"2018 to 2025","-1.244","NA","NA",NA,"z-score",NA,NA,NA,NA,NA
"ci1","Conditions of Childhood","composite_index","NA","Local Authority","Suffolk CC","time_period","2018 to 2025","zscore_category","70-85%",NA,NA,NA,NA,"2018 to 2025","-0.709","NA","NA",NA,"z-score",NA,NA,NA,NA,NA
"ci1","Conditions of Childhood","composite_index","NA","Local Authority","Sunderland","time_period","2018 to 2025","zscore_category","85-95%",NA,NA,NA,NA,"2018 to 2025","-1.371","NA","NA",NA,"z-score",NA,NA,NA,NA,NA
"ci1","Conditions of Childhood","composite_index","NA","Local Authority","Surrey","time_period","2018 to 2025","zscore_category","Top 5%",NA,NA,NA,NA,"2018 to 2025","1.990","NA","NA",NA,"z-score",NA,NA,NA,NA,NA
"ci1","Conditions of Childhood","composite_index","NA","Local Authority","Sutton","time_period","2018 to 2025","zscore_category","Top 5%",NA,NA,NA,NA,"2018 to 2025","1.704","NA","NA",NA,"z-score",NA,NA,NA,NA,NA
"ci1","Conditions of Childhood","composite_index","NA","Local Authority","Swansea","time_period","2018 to 2025","zscore_category","30-70%",NA,NA,NA,NA,"2018 to 2025","-0.192","NA","NA",NA,"z-score",NA,NA,NA,NA,NA
"ci1","Conditions of Childhood","composite_index","NA","Local Authority","Swindon","time_period","2018 to 2025","zscore_category","30-70%",NA,NA,NA,NA,"2018 to 2025","-0.188","NA","NA",NA,"z-score",NA,NA,NA,NA,NA
"ci1","Conditions of Childhood","composite_index","NA","Local Authority","Tameside","time_period","2018 to 2025","zscore_category","70-85%",NA,NA,NA,NA,"2018 to 2025","-0.514","NA","NA",NA,"z-score",NA,NA,NA,NA,NA
"ci1","Conditions of Childhood","composite_index","NA","Local Authority","Telford and Wrekin","time_period","2018 to 2025","zscore_category","85-95%",NA,NA,NA,NA,"2018 to 2025","-1.016","NA","NA",NA,"z-score",NA,NA,NA,NA,NA
"ci1","Conditions of Childhood","composite_index","NA","Local Authority","Thurrock","time_period","2018 to 2025","zscore_category","30-70%",NA,NA,NA,NA,"2018 to 2025","-0.054","NA","NA",NA,"z-score",NA,NA,NA,NA,NA
"ci1","Conditions of Childhood","composite_index","NA","Local Authority","Torbay","time_period","2018 to 2025","zscore_category","70-85%",NA,NA,NA,NA,"2018 to 2025","-0.755","NA","NA",NA,"z-score",NA,NA,NA,NA,NA
"ci1","Conditions of Childhood","composite_index","NA","Local Authority","Torfaen","time_period","2018 to 2025","zscore_category","70-85%",NA,NA,NA,NA,"2018 to 2025","-0.661","NA","NA",NA,"z-score",NA,NA,NA,NA,NA
"ci1","Conditions of Childhood","composite_index","NA","Local Authority","Tower Hamlets","time_period","2018 to 2025","zscore_category","70-85%",NA,NA,NA,NA,"2018 to 2025","-0.548","NA","NA",NA,"z-score",NA,NA,NA,NA,NA
"ci1","Conditions of Childhood","composite_index","NA","Local Authority","Trafford","time_period","2018 to 2025","zscore_category","5-15%",NA,NA,NA,NA,"2018 to 2025","1.415","NA","NA",NA,"z-score",NA,NA,NA,NA,NA
"ci1","Conditions of Childhood","composite_index","NA","Local Authority","Vale of Glamorgan","time_period","2018 to 2025","zscore_category","30-70%",NA,NA,NA,NA,"2018 to 2025","0.442","NA","NA",NA,"z-score",NA,NA,NA,NA,NA
"ci1","Conditions of Childhood","composite_index","NA","Local Authority","Wakefield","time_period","2018 to 2025","zscore_category","70-85%",NA,NA,NA,NA,"2018 to 2025","-0.726","NA","NA",NA,"z-score",NA,NA,NA,NA,NA
"ci1","Conditions of Childhood","composite_index","NA","Local Authority","Walsall","time_period","2018 to 2025","zscore_category","85-95%",NA,NA,NA,NA,"2018 to 2025","-1.449","NA","NA",NA,"z-score",NA,NA,NA,NA,NA
"ci1","Conditions of Childhood","composite_index","NA","Local Authority","Waltham Forest","time_period","2018 to 2025","zscore_category","15-30%",NA,NA,NA,NA,"2018 to 2025","0.680","NA","NA",NA,"z-score",NA,NA,NA,NA,NA
"ci1","Conditions of Childhood","composite_index","NA","Local Authority","Wandsworth","time_period","2018 to 2025","zscore_category","Top 5%",NA,NA,NA,NA,"2018 to 2025","2.511","NA","NA",NA,"z-score",NA,NA,NA,NA,NA
"ci1","Conditions of Childhood","composite_index","NA","Local Authority","Warrington","time_period","2018 to 2025","zscore_category","30-70%",NA,NA,NA,NA,"2018 to 2025","0.318","NA","NA",NA,"z-score",NA,NA,NA,NA,NA
"ci1","Conditions of Childhood","composite_index","NA","Local Authority","Warwickshire CC","time_period","2018 to 2025","zscore_category","15-30%",NA,NA,NA,NA,"2018 to 2025","0.766","NA","NA",NA,"z-score",NA,NA,NA,NA,NA
"ci1","Conditions of Childhood","composite_index","NA","Local Authority","West Berkshire","time_period","2018 to 2025","zscore_category","5-15%",NA,NA,NA,NA,"2018 to 2025","1.472","NA","NA",NA,"z-score",NA,NA,NA,NA,NA
"ci1","Conditions of Childhood","composite_index","NA","Local Authority","West Dunbartonshire","time_period","2018 to 2025","zscore_category","85-95%",NA,NA,NA,NA,"2018 to 2025","-1.143","NA","NA",NA,"z-score",NA,NA,NA,NA,NA
"ci1","Conditions of Childhood","composite_index","NA","Local Authority","West Lothian","time_period","2018 to 2025","zscore_category","30-70%",NA,NA,NA,NA,"2018 to 2025","-0.054","NA","NA",NA,"z-score",NA,NA,NA,NA,NA
"ci1","Conditions of Childhood","composite_index","NA","Local Authority","West Northamptonshire","time_period","2018 to 2025","zscore_category","30-70%",NA,NA,NA,NA,"2018 to 2025","0.237","NA","NA",NA,"z-score",NA,NA,NA,NA,NA
"ci1","Conditions of Childhood","composite_index","NA","Local Authority","West Sussex","time_period","2018 to 2025","zscore_category","15-30%",NA,NA,NA,NA,"2018 to 2025","0.845","NA","NA",NA,"z-score",NA,NA,NA,NA,NA
"ci1","Conditions of Childhood","composite_index","NA","Local Authority","Westminster","time_period","2018 to 2025","zscore_category","5-15%",NA,NA,NA,NA,"2018 to 2025","1.269","NA","NA",NA,"z-score",NA,NA,NA,NA,NA
"ci1","Conditions of Childhood","composite_index","NA","Local Authority","Wigan","time_period","2018 to 2025","zscore_category","30-70%",NA,NA,NA,NA,"2018 to 2025","-0.252","NA","NA",NA,"z-score",NA,NA,NA,NA,NA
"ci1","Conditions of Childhood","composite_index","NA","Local Authority","Wiltshire","time_period","2018 to 2025","zscore_category","15-30%",NA,NA,NA,NA,"2018 to 2025","0.564","NA","NA",NA,"z-score",NA,NA,NA,NA,NA
"ci1","Conditions of Childhood","composite_index","NA","Local Authority","Windsor and Maidenhead","time_period","2018 to 2025","zscore_category","Top 5%",NA,NA,NA,NA,"2018 to 2025","2.089","NA","NA",NA,"z-score",NA,NA,NA,NA,NA
"ci1","Conditions of Childhood","composite_index","NA","Local Authority","Wirral","time_period","2018 to 2025","zscore_category","30-70%",NA,NA,NA,NA,"2018 to 2025","0.087","NA","NA",NA,"z-score",NA,NA,NA,NA,NA
"ci1","Conditions of Childhood","composite_index","NA","Local Authority","Wokingham","time_period","2018 to 2025","zscore_category","Top 5%",NA,NA,NA,NA,"2018 to 2025","2.344","NA","NA",NA,"z-score",NA,NA,NA,NA,NA
"ci1","Conditions of Childhood","composite_index","NA","Local Authority","Wolverhampton","time_period","2018 to 2025","zscore_category","Bottom 5%",NA,NA,NA,NA,"2018 to 2025","-1.597","NA","NA",NA,"z-score",NA,NA,NA,NA,NA
"ci1","Conditions of Childhood","composite_index","NA","Local Authority","Worcestershire CC","time_period","2018 to 2025","zscore_category","30-70%",NA,NA,NA,NA,"2018 to 2025","-0.041","NA","NA",NA,"z-score",NA,NA,NA,NA,NA
"ci1","Conditions of Childhood","composite_index","NA","Local Authority","Wrexham","time_period","2018 to 2025","zscore_category","70-85%",NA,NA,NA,NA,"2018 to 2025","-0.877","NA","NA",NA,"z-score",NA,NA,NA,NA,NA
"ci1","Conditions of Childhood","composite_index","NA","Local Authority","York","time_period","2018 to 2025","zscore_category","5-15%",NA,NA,NA,NA,"2018 to 2025","1.045","NA","NA",NA,"z-score",NA,NA,NA,NA,NA
