Year,Percentage (%)
2022,32.3718932
2021,33.88770285
2020,33.46733478
2019,30.12814368
2018,30.52488433
2017,30.09793094
2016,28.3765899
2015,26.56062608
2014,27.03100221
