Year,Ratio
2022,2.201996238
2014,3.85943923
