Age,Working (%),Intermediate (%),Professional (%)
25,24.93397385,37.57155432,55.08499581
32,38.79424473,51.61398269,73.85222432
