Year,Percentage (%)
2022,6.837352427
2021,8.062239522
2020,9.802072237
2019,8.25988262
2018,7.835113946
2017,8.391228087
2016,9.347962608
2015,10.12970705
2014,11.39890937
