Year,Percentage (%)
2022,11.13630421
2021,13.07022683
2020,15.92513606
2019,13.11019171
2018,12.33125898
2017,13.19454962
2016,14.35235879
2015,15.28897216
2014,17.48543793
