Year,Trust,Fairness,Helpfulness
2018,5.174885845,5.748858447,5.769863014
2016,5.325808107,5.738840431,5.807593638
2014,5.374666667,5.837777778,5.92
2012,5.383185841,5.786283186,5.835840708
2010,5.354595048,5.618548049,5.792698279
2008,5.274165954,5.682634731,5.618905047
2006,5.406908172,5.781381634,5.685341196
2004,5.146432375,5.550053248,5.667731629
2002,5.05337904,5.543095005,5.425563173
