Age,Pension wealth (£),Property wealth (£),Financial wealth (£),Physical wealth (£),Total wealth (£)
25 to 34,16727.91221,24740.72168,5359.557182,19252.68044,66080.87152
35 to 44,63723.58473,80249.09924,24930.87688,26708.89382,195612.4547
45 to 54,173131.4778,126969.3492,34346.71152,29638.30178,364085.8404
55 to 64,305689.215,172032.249,62126.50251,35190.4223,575038.3889
