Socio-economic background,Lower working (%),Higher working (%),Intermediate (%),Lower professional (%),Higher professional (%)
Higher professional,12.3060335,7.943614126,15.01084718,32.6352488,32.10425638
Lower professional,16.55112853,12.57102397,15.84059808,33.39347714,21.64377228
Intermediate,20.5885899,14.85442575,21.94655759,23.06633693,19.54408984
Higher working,20.20705391,20.46723349,20.00953538,26.57895633,12.73722089
Lower working,34.21766168,17.63581392,20.16576713,20.79356522,7.18719205
All backgrounds,20.198144,14.19049231,18.45723532,27.63608495,19.51804343
