Socio-economic background,Men (%),Women (%)
Higher professional,92.89766962,88.47631848
Lower professional,93.2351763,86.99322311
Intermediate,92.94820937,83.55199606
Higher working,92.52188489,80.17500684
Lower working,85.80531812,71.11482873
