Socio-economic background,Disabled (%),Not disabled (%)
Higher professional,80.60823414,92.13769747
Lower professional,72.94685489,92.82383583
Intermediate,68.27611467,91.77060854
Higher working,65.13541508,90.10576038
Lower working,52.20269207,85.53684452
