Socio-economic background,Men (%),Women (%)
Higher professional,4.032632935,3.405482799
Lower professional,3.583409936,3.818874816
Intermediate,4.305985649,5.27034049
Higher working,4.824605345,4.599299815
Lower working,7.537648039,7.791651023
