Socio-economic background,Disabled (%),Not disabled (%)
Higher professional,8.091228262,3.203342007
Lower professional,8.390607815,3.115173778
Intermediate,10.29995952,4.040892738
Higher working,12.24325591,3.791594431
Lower working,18.23101902,5.837947776
