Year,Job vacancy rate
2022,0.907874016
2021,0.907501821
2020,0.33784546
2019,0.628682171
2018,0.629493764
2017,0.561859193
2016,0.477602524
2015,0.441943128
2014,0.378609626
2013,0.243105643
2012,0.197633136
2011,0.172926739
2010,0.192968438
2009,0.185079494
2008,0.263105342
2007,0.427238806
2006,0.364491476
2005,0.388640715
2004,0.465214336
2003,0.421413864
2002,0.397757256
2001,0.395394737
