Ethnicity,Lower working (%),Higher professional (%)
Bangladeshi,28.01582638,74.64251357
Chinese,59.2142388,91.6532633
Indian,49.26800104,88.01689325
Pakistani,24.80792724,71.39058968
Black African,29.59914155,76.07603876
Black Caribbean,19.21943752,64.27910242
Mixed,27.75203528,74.3934163
White British,17.68764756,61.90830973
White other,24.42939146,70.97216318
Other,28.21987339,74.83312029
