Year,Ratio (relative to 2015) of number of research students in the UK
2018,1.0382263
2017,1.035168196
2016,1.013761468
2015,1
