Socio-economic background,Men,Women,Gap
Higher professional,93.01309488,88.65236542,4.36072946
Lower professional,93.52684065,86.92062944,6.60621121
Intermediate,93.16308223,83.22907432,9.93400791
Higher working,92.35591891,80.04811928,12.30779963
Lower working,85.94167547,70.81153995,15.13013552
