Socio-economic background,Men (%),Women (%)
Higher professional,93.01309488,88.65236542
Lower professional,93.52684065,86.92062944
Intermediate,93.16308223,83.22907432
Higher working,92.35591891,80.04811928
Lower working,85.94167547,70.81153995
