Socio-economic background,Disabled,Not disabled,Gap
Higher professional,81.29693521,92.17345332,10.87651811
Lower professional,72.03519936,92.87554971,20.84035035
Intermediate,68.44368624,91.45936165,23.01567541
Higher working,64.73442316,89.88872683,25.15430367
Lower working,52.19809837,85.1090016,32.91090323
