Ethnicity,Lower working,Higher professional
Bangladeshi,6.969164775,3.521243915
Chinese,11.91445909,6.182500496
Indian,11.20841429,5.793786816
Pakistani,17.10214348,9.133202135
Black African,17.31040955,9.255258847
Black Caribbean,15.79437125,8.373250788
Mixed,11.87128564,6.158645276
White British,6.421096528,3.23489811
White other,6.63767733,3.347854608
Other,12.82317481,6.687229083
