Socio-economic background,Men,Women,Gap
Higher professional,4.035965629,3.55064894,-0.485316689
Lower professional,3.752719197,3.90555223,0.152833033
Intermediate,4.497684212,5.56244364,1.064759428
Higher working,4.698666625,4.781631106,0.082964481
Lower working,7.806965465,7.822685187,0.015719722
