Socio-economic background,Disabled,Not disabled,Gap
Higher professional,7.825141711,3.329343746,4.495797965
Lower professional,8.937313709,3.280614822,5.656698887
Intermediate,10.81224794,4.291872342,6.520375598
Higher working,12.7122685,3.785500019,8.926768481
Lower working,17.73413387,6.174327631,11.55980624
