Socio-economic background,Men,Women
Higher professional,10.59524538,9.445340578
Lower professional,10.04449341,8.954361867
Intermediate,9.302636969,8.2930193
Higher working,9.136831579,8.145208813
Lower working,8.843719139,7.883907943
