Socio-economic background,Men,Women,Gap £,Gap %
Higher professional,10.59524538,9.445340578,1.149904802,12.17430745
Lower professional,10.04449341,8.954361867,1.090131543,12.17430744
Intermediate,9.302636969,8.2930193,1.009617669,12.17430748
Higher working,9.136831579,8.145208813,0.991622766,12.17430748
Lower working,8.843719139,7.883907943,0.959811196,12.1743075
