Socio-economic background,Disabled,Not disabled
Higher professional,9.075699254,10.27960401
Lower professional,8.575142308,9.712647455
Intermediate,7.949509877,9.004023968
Higher working,7.807882873,8.843609935
Lower working,7.553378425,8.555345101
