Socio-economic background,Disabled,Not disabled,Gap £,Gap %
Higher professional,9.075699254,10.27960401,1.203904756,13.26514599
Lower professional,8.575142308,9.712647455,1.137505147,13.265146
Intermediate,7.949509877,9.004023968,1.054514091,13.26514599
Higher working,7.807882873,8.843609935,1.035727062,13.26514599
Lower working,7.553378425,8.555345101,1.001966676,13.265146
