Socio-economic background,Men,Women,Gap £,Gap %
Higher professional,10.90190993,9.868028083,1.033881847,10.47708659
Lower professional,10.36999522,9.386557463,0.983437757,10.47708663
Intermediate,9.558305121,8.651843936,0.906461185,10.47708664
Higher working,9.579757503,8.671261883,0.90849562,10.47708664
Lower working,9.21894583,8.34466776,0.87427807,10.47708663
