Age,Parents are homeowners,Parents are not homeowners,Gap
25-34,56.28623137,22.16348221,34.12274916
35-44,69.07218431,37.81712556,31.25505875
45-54,75.05249043,47.93337798,27.11911245
55-64,80.76680929,59.64306345,21.12374584
