Age,TODO how do we describe this value? TODO
25-34,4.521987
35-44,3.672284
45-54,3.267829
55-64,2.841449
