Year,TODO how do we describe this value? TODO
1991,2.877493
2001,3.166923
2011,3.785744
