Sex,Value
Men,2.476532
Women,3.291338
Total,2.845017
