Year,TODO how do we describe this value? TODO
2011,3.785744
2001,3.166923
1991,2.877493
