Age,Property wealth
25-34,24740.72168
35-44,80249.09924
45-54,126969.3492
55-64,172032.249
