Age,Physical wealth
25-34,19252.68044
35-44,26708.89382
45-54,29638.30178
55-64,35190.4223
