Age,Pension wealth
25-34,16727.91221
35-44,63723.58473
45-54,173131.4778
55-64,305689.215
