Age,Financial wealth
25-34,5359.557182
35-44,24930.87688
45-54,34346.71152
55-64,62126.50251
