Age,Physical wealth (£)
25 to 34,19252.68044
35 to 44,26708.89382
45 to 54,29638.30178
55 to 64,35190.4223
