Age,Pension wealth (£)
25 to 34,16727.91221
35 to 44,63723.58473
45 to 54,173131.4778
55 to 64,305689.215
