Age,Financial wealth (£)
25 to 34,5359.557182
35 to 44,24930.87688
45 to 54,34346.71152
55 to 64,62126.50251
