Age,Parents are homeowners (%),Parents are not homeowners (%)
25 to 34,56.28623137,22.16348221
35 to 44,69.07218431,37.81712556
45 to 54,75.05249043,47.93337798
55 to 64,80.76680929,59.64306345
