Year,Odds ratio
2016 to 2020,4.586242
2011,3.785744
2001,3.166923
1991,2.877493
