Age,Odds ratio
25 to 34,4.521987
35 to 44,3.672284
45 to 54,3.267829
55 to 64,2.841449
