Socio-economic background,Disabled (%),Not disabled (%)
Higher professional,7.825141711,3.329343746
Lower professional,8.937313709,3.280614822
Intermediate,10.81224794,4.291872342
Higher working,12.7122685,3.785500019
Lower working,17.73413387,6.174327631
