Socio-economic background,Men (%),Women (%)
Higher professional,4.035965629,3.55064894
Lower professional,3.752719197,3.90555223
Intermediate,4.497684212,5.56244364
Higher working,4.698666625,4.781631106
Lower working,7.806965465,7.822685187
