"measure_code","measure_title","chart_type","area_code","area_type","area_name","primary_split_type","primary_split_value","secondary_split_type","secondary_split_value","tertiary_split_type","tertiary_split_value","fourth_split_type","fourth_split_value","time_period","value","lci","uci","sample_size","unit","value_note"
"in23","Highest qualification","trend_moving_average","K02000001","country","United Kingdom","year","2016","seb","Lower working","highest_qualification","higher",,,"2014-2025",4.313,3.033,6.071,786,"Average","3-year moving average"
"in23","Highest qualification","trend_moving_average","K02000001","country","United Kingdom","year","2016","seb","Higher working","highest_qualification","higher",,,"2014-2025",6.223,4.659,8.312,750,"Average","3-year moving average"
"in23","Highest qualification","trend_moving_average","K02000001","country","United Kingdom","year","2016","seb","Intermediate","highest_qualification","higher",,,"2014-2025",9.789,7.979,12.017,895,"Average","3-year moving average"
"in23","Highest qualification","trend_moving_average","K02000001","country","United Kingdom","year","2016","seb","Lower professional","highest_qualification","higher",,,"2014-2025",15.25,12.75,18.164,691,"Average","3-year moving average"
"in23","Highest qualification","trend_moving_average","K02000001","country","United Kingdom","year","2016","seb","Higher professional","highest_qualification","higher",,,"2014-2025",22.037,18.767,25.634,561,"Average","3-year moving average"
"in23","Highest qualification","trend_moving_average","K02000001","country","United Kingdom","year","2017","seb","Lower working","highest_qualification","higher",,,"2014-2025",4.721,3.345,6.487,756,"Average","3-year moving average"
"in23","Highest qualification","trend_moving_average","K02000001","country","United Kingdom","year","2017","seb","Higher working","highest_qualification","higher",,,"2014-2025",6.803,5.212,8.959,732,"Average","3-year moving average"
"in23","Highest qualification","trend_moving_average","K02000001","country","United Kingdom","year","2017","seb","Intermediate","highest_qualification","higher",,,"2014-2025",10.127,8.193,12.304,842,"Average","3-year moving average"
"in23","Highest qualification","trend_moving_average","K02000001","country","United Kingdom","year","2017","seb","Lower professional","highest_qualification","higher",,,"2014-2025",17.05,14.48,20.072,684,"Average","3-year moving average"
"in23","Highest qualification","trend_moving_average","K02000001","country","United Kingdom","year","2017","seb","Higher professional","highest_qualification","higher",,,"2014-2025",23.757,20.542,27.279,579,"Average","3-year moving average"
"in23","Highest qualification","trend_moving_average","K02000001","country","United Kingdom","year","2018","seb","Lower working","highest_qualification","higher",,,"2014-2025",4.778,3.391,6.637,698,"Average","3-year moving average"
"in23","Highest qualification","trend_moving_average","K02000001","country","United Kingdom","year","2018","seb","Higher working","highest_qualification","higher",,,"2014-2025",5.764,4.244,7.74,697,"Average","3-year moving average"
"in23","Highest qualification","trend_moving_average","K02000001","country","United Kingdom","year","2018","seb","Intermediate","highest_qualification","higher",,,"2014-2025",10.562,8.636,12.923,775,"Average","3-year moving average"
"in23","Highest qualification","trend_moving_average","K02000001","country","United Kingdom","year","2018","seb","Lower professional","highest_qualification","higher",,,"2014-2025",16.559,14.014,19.446,677,"Average","3-year moving average"
"in23","Highest qualification","trend_moving_average","K02000001","country","United Kingdom","year","2018","seb","Higher professional","highest_qualification","higher",,,"2014-2025",23.579,20.479,27.149,561,"Average","3-year moving average"
"in23","Highest qualification","trend_moving_average","K02000001","country","United Kingdom","year","2019","seb","Lower working","highest_qualification","higher",,,"2014-2025",5.489,4.035,7.535,666,"Average","3-year moving average"
"in23","Highest qualification","trend_moving_average","K02000001","country","United Kingdom","year","2019","seb","Higher working","highest_qualification","higher",,,"2014-2025",6.03,4.44,8.149,636,"Average","3-year moving average"
"in23","Highest qualification","trend_moving_average","K02000001","country","United Kingdom","year","2019","seb","Intermediate","highest_qualification","higher",,,"2014-2025",10.847,8.834,13.124,762,"Average","3-year moving average"
"in23","Highest qualification","trend_moving_average","K02000001","country","United Kingdom","year","2019","seb","Lower professional","highest_qualification","higher",,,"2014-2025",17.399,14.898,20.331,685,"Average","3-year moving average"
"in23","Highest qualification","trend_moving_average","K02000001","country","United Kingdom","year","2019","seb","Higher professional","highest_qualification","higher",,,"2014-2025",24.344,21.123,27.702,574,"Average","3-year moving average"
"in23","Highest qualification","trend_moving_average","K02000001","country","United Kingdom","year","2020","seb","Lower working","highest_qualification","higher",,,"2014-2025",6.332,4.614,8.462,546,"Average","3-year moving average"
"in23","Highest qualification","trend_moving_average","K02000001","country","United Kingdom","year","2020","seb","Higher working","highest_qualification","higher",,,"2014-2025",6.727,4.985,8.94,542,"Average","3-year moving average"
"in23","Highest qualification","trend_moving_average","K02000001","country","United Kingdom","year","2020","seb","Intermediate","highest_qualification","higher",,,"2014-2025",12.182,10.049,14.671,653,"Average","3-year moving average"
"in23","Highest qualification","trend_moving_average","K02000001","country","United Kingdom","year","2020","seb","Lower professional","highest_qualification","higher",,,"2014-2025",17.544,15,20.289,631,"Average","3-year moving average"
"in23","Highest qualification","trend_moving_average","K02000001","country","United Kingdom","year","2020","seb","Higher professional","highest_qualification","higher",,,"2014-2025",24.523,21.408,27.883,528,"Average","3-year moving average"
"in23","Highest qualification","trend_moving_average","K02000001","country","United Kingdom","year","2021","seb","Lower working","highest_qualification","higher",,,"2014-2025",7.12,5.307,9.384,505,"Average","3-year moving average"
"in23","Highest qualification","trend_moving_average","K02000001","country","United Kingdom","year","2021","seb","Higher working","highest_qualification","higher",,,"2014-2025",8.661,6.666,11.28,469,"Average","3-year moving average"
"in23","Highest qualification","trend_moving_average","K02000001","country","United Kingdom","year","2021","seb","Intermediate","highest_qualification","higher",,,"2014-2025",12.638,10.483,15.147,642,"Average","3-year moving average"
"in23","Highest qualification","trend_moving_average","K02000001","country","United Kingdom","year","2021","seb","Lower professional","highest_qualification","higher",,,"2014-2025",18.934,16.373,21.867,613,"Average","3-year moving average"
"in23","Highest qualification","trend_moving_average","K02000001","country","United Kingdom","year","2021","seb","Higher professional","highest_qualification","higher",,,"2014-2025",25.628,22.59,29.026,545,"Average","3-year moving average"
"in23","Highest qualification","trend_moving_average","K02000001","country","United Kingdom","year","2022","seb","Lower working","highest_qualification","higher",,,"2014-2025",7.069,5.225,9.424,414,"Average","3-year moving average"
"in23","Highest qualification","trend_moving_average","K02000001","country","United Kingdom","year","2022","seb","Higher working","highest_qualification","higher",,,"2014-2025",9.706,7.534,12.531,382,"Average","3-year moving average"
"in23","Highest qualification","trend_moving_average","K02000001","country","United Kingdom","year","2022","seb","Intermediate","highest_qualification","higher",,,"2014-2025",14.883,12.488,17.532,550,"Average","3-year moving average"
"in23","Highest qualification","trend_moving_average","K02000001","country","United Kingdom","year","2022","seb","Lower professional","highest_qualification","higher",,,"2014-2025",20.551,17.862,23.479,551,"Average","3-year moving average"
"in23","Highest qualification","trend_moving_average","K02000001","country","United Kingdom","year","2022","seb","Higher professional","highest_qualification","higher",,,"2014-2025",24.382,21.387,27.674,498,"Average","3-year moving average"
"in23","Highest qualification","trend_moving_average","K02000001","country","United Kingdom","year","2023","seb","Lower working","highest_qualification","higher",,,"2014-2025",5.49,3.923,7.659,365,"Average","3-year moving average"
"in23","Highest qualification","trend_moving_average","K02000001","country","United Kingdom","year","2023","seb","Higher working","highest_qualification","higher",,,"2014-2025",12.935,10.306,16.16,311,"Average","3-year moving average"
"in23","Highest qualification","trend_moving_average","K02000001","country","United Kingdom","year","2023","seb","Intermediate","highest_qualification","higher",,,"2014-2025",15.336,12.863,18.018,490,"Average","3-year moving average"
"in23","Highest qualification","trend_moving_average","K02000001","country","United Kingdom","year","2023","seb","Lower professional","highest_qualification","higher",,,"2014-2025",23.41,20.482,26.665,452,"Average","3-year moving average"
"in23","Highest qualification","trend_moving_average","K02000001","country","United Kingdom","year","2023","seb","Higher professional","highest_qualification","higher",,,"2014-2025",25.72,22.53,29.069,426,"Average","3-year moving average"
"in23","Highest qualification","trend_moving_average","K02000001","country","United Kingdom","year","2024","seb","Lower working","highest_qualification","higher",,,"2014-2025",5.709,4.102,7.925,310,"Average","3-year moving average"
"in23","Highest qualification","trend_moving_average","K02000001","country","United Kingdom","year","2024","seb","Higher working","highest_qualification","higher",,,"2014-2025",14.78,12.018,18.258,267,"Average","3-year moving average"
"in23","Highest qualification","trend_moving_average","K02000001","country","United Kingdom","year","2024","seb","Intermediate","highest_qualification","higher",,,"2014-2025",15.522,13.099,18.288,425,"Average","3-year moving average"
"in23","Highest qualification","trend_moving_average","K02000001","country","United Kingdom","year","2024","seb","Lower professional","highest_qualification","higher",,,"2014-2025",22.86,19.914,26.012,394,"Average","3-year moving average"
"in23","Highest qualification","trend_moving_average","K02000001","country","United Kingdom","year","2024","seb","Higher professional","highest_qualification","higher",,,"2014-2025",25.262,22.011,28.635,357,"Average","3-year moving average"
"in23","Highest qualification","trend_moving_average","K02000001","country","United Kingdom","year","2025","seb","Lower working","highest_qualification","higher",,,"2014-2025",7.131,5.381,9.511,340,"Average","3-year moving average"
"in23","Highest qualification","trend_moving_average","K02000001","country","United Kingdom","year","2025","seb","Higher working","highest_qualification","higher",,,"2014-2025",14.737,12.016,18.16,293,"Average","3-year moving average"
"in23","Highest qualification","trend_moving_average","K02000001","country","United Kingdom","year","2025","seb","Intermediate","highest_qualification","higher",,,"2014-2025",16.94,14.439,19.702,466,"Average","3-year moving average"
"in23","Highest qualification","trend_moving_average","K02000001","country","United Kingdom","year","2025","seb","Lower professional","highest_qualification","higher",,,"2014-2025",22.211,19.343,25.294,435,"Average","3-year moving average"
"in23","Highest qualification","trend_moving_average","K02000001","country","United Kingdom","year","2025","seb","Higher professional","highest_qualification","higher",,,"2014-2025",26.786,23.602,30.25,399,"Average","3-year moving average"
"in23","Highest qualification","trend_moving_average","K02000001","country","United Kingdom","year","2016","seb","Total","highest_qualification","higher",,,"2014-2025",10.947,9.977,12.021,3684,"Average","3-year moving average"
"in23","Highest qualification","trend_moving_average","K02000001","country","United Kingdom","year","2017","seb","Total","highest_qualification","higher",,,"2014-2025",12.012,10.998,13.1,3594,"Average","3-year moving average"
"in23","Highest qualification","trend_moving_average","K02000001","country","United Kingdom","year","2018","seb","Total","highest_qualification","higher",,,"2014-2025",11.952,10.948,13.059,3409,"Average","3-year moving average"
"in23","Highest qualification","trend_moving_average","K02000001","country","United Kingdom","year","2019","seb","Total","highest_qualification","higher",,,"2014-2025",12.749,11.703,13.87,3323,"Average","3-year moving average"
"in23","Highest qualification","trend_moving_average","K02000001","country","United Kingdom","year","2020","seb","Total","highest_qualification","higher",,,"2014-2025",13.695,12.608,14.854,2899,"Average","3-year moving average"
"in23","Highest qualification","trend_moving_average","K02000001","country","United Kingdom","year","2021","seb","Total","highest_qualification","higher",,,"2014-2025",14.983,13.844,16.184,2773,"Average","3-year moving average"
"in23","Highest qualification","trend_moving_average","K02000001","country","United Kingdom","year","2022","seb","Total","highest_qualification","higher",,,"2014-2025",15.966,14.788,17.214,2395,"Average","3-year moving average"
"in23","Highest qualification","trend_moving_average","K02000001","country","United Kingdom","year","2023","seb","Total","highest_qualification","higher",,,"2014-2025",17.064,15.815,18.362,2044,"Average","3-year moving average"
"in23","Highest qualification","trend_moving_average","K02000001","country","United Kingdom","year","2024","seb","Total","highest_qualification","higher",,,"2014-2025",17.202,15.955,18.525,1754,"Average","3-year moving average"
"in23","Highest qualification","trend_moving_average","K02000001","country","United Kingdom","year","2025","seb","Total","highest_qualification","higher",,,"2014-2025",17.933,16.692,19.26,1932,"Average","3-year moving average"
"in23","Highest qualification","trend_moving_average","K02000001","country","United Kingdom","year","2016","seb","Lower working","highest_qualification","first",,,"2014-2025",16.163,13.621,18.968,785,"Average","3-year moving average"
"in23","Highest qualification","trend_moving_average","K02000001","country","United Kingdom","year","2016","seb","Higher working","highest_qualification","first",,,"2014-2025",22.636,19.645,25.817,749,"Average","3-year moving average"
"in23","Highest qualification","trend_moving_average","K02000001","country","United Kingdom","year","2016","seb","Intermediate","highest_qualification","first",,,"2014-2025",29.185,26.278,32.37,895,"Average","3-year moving average"
"in23","Highest qualification","trend_moving_average","K02000001","country","United Kingdom","year","2016","seb","Lower professional","highest_qualification","first",,,"2014-2025",38.067,34.537,41.783,691,"Average","3-year moving average"
"in23","Highest qualification","trend_moving_average","K02000001","country","United Kingdom","year","2016","seb","Higher professional","highest_qualification","first",,,"2014-2025",44.27,40.144,48.329,561,"Average","3-year moving average"
"in23","Highest qualification","trend_moving_average","K02000001","country","United Kingdom","year","2017","seb","Lower working","highest_qualification","first",,,"2014-2025",16.3,13.81,19.171,754,"Average","3-year moving average"
"in23","Highest qualification","trend_moving_average","K02000001","country","United Kingdom","year","2017","seb","Higher working","highest_qualification","first",,,"2014-2025",23.658,20.694,26.87,731,"Average","3-year moving average"
"in23","Highest qualification","trend_moving_average","K02000001","country","United Kingdom","year","2017","seb","Intermediate","highest_qualification","first",,,"2014-2025",30.339,27.341,33.544,842,"Average","3-year moving average"
"in23","Highest qualification","trend_moving_average","K02000001","country","United Kingdom","year","2017","seb","Lower professional","highest_qualification","first",,,"2014-2025",38.346,34.783,41.949,684,"Average","3-year moving average"
"in23","Highest qualification","trend_moving_average","K02000001","country","United Kingdom","year","2017","seb","Higher professional","highest_qualification","first",,,"2014-2025",42.212,38.404,46.197,578,"Average","3-year moving average"
"in23","Highest qualification","trend_moving_average","K02000001","country","United Kingdom","year","2018","seb","Lower working","highest_qualification","first",,,"2014-2025",16.387,13.825,19.322,696,"Average","3-year moving average"
"in23","Highest qualification","trend_moving_average","K02000001","country","United Kingdom","year","2018","seb","Higher working","highest_qualification","first",,,"2014-2025",24.103,21.132,27.396,696,"Average","3-year moving average"
"in23","Highest qualification","trend_moving_average","K02000001","country","United Kingdom","year","2018","seb","Intermediate","highest_qualification","first",,,"2014-2025",28.899,25.854,32.099,774,"Average","3-year moving average"
"in23","Highest qualification","trend_moving_average","K02000001","country","United Kingdom","year","2018","seb","Lower professional","highest_qualification","first",,,"2014-2025",37.842,34.425,41.461,677,"Average","3-year moving average"
"in23","Highest qualification","trend_moving_average","K02000001","country","United Kingdom","year","2018","seb","Higher professional","highest_qualification","first",,,"2014-2025",42.186,38.429,46.149,561,"Average","3-year moving average"
"in23","Highest qualification","trend_moving_average","K02000001","country","United Kingdom","year","2019","seb","Lower working","highest_qualification","first",,,"2014-2025",15.864,13.285,18.754,664,"Average","3-year moving average"
"in23","Highest qualification","trend_moving_average","K02000001","country","United Kingdom","year","2019","seb","Higher working","highest_qualification","first",,,"2014-2025",24.402,21.237,27.755,635,"Average","3-year moving average"
"in23","Highest qualification","trend_moving_average","K02000001","country","United Kingdom","year","2019","seb","Intermediate","highest_qualification","first",,,"2014-2025",28.308,25.286,31.451,760,"Average","3-year moving average"
"in23","Highest qualification","trend_moving_average","K02000001","country","United Kingdom","year","2019","seb","Lower professional","highest_qualification","first",,,"2014-2025",37.996,34.571,41.472,684,"Average","3-year moving average"
"in23","Highest qualification","trend_moving_average","K02000001","country","United Kingdom","year","2019","seb","Higher professional","highest_qualification","first",,,"2014-2025",42.596,38.909,46.469,574,"Average","3-year moving average"
"in23","Highest qualification","trend_moving_average","K02000001","country","United Kingdom","year","2020","seb","Lower working","highest_qualification","first",,,"2014-2025",17.41,14.59,20.472,545,"Average","3-year moving average"
"in23","Highest qualification","trend_moving_average","K02000001","country","United Kingdom","year","2020","seb","Higher working","highest_qualification","first",,,"2014-2025",25.738,22.438,29.189,541,"Average","3-year moving average"
"in23","Highest qualification","trend_moving_average","K02000001","country","United Kingdom","year","2020","seb","Intermediate","highest_qualification","first",,,"2014-2025",30.252,27.089,33.52,651,"Average","3-year moving average"
"in23","Highest qualification","trend_moving_average","K02000001","country","United Kingdom","year","2020","seb","Lower professional","highest_qualification","first",,,"2014-2025",39.786,36.47,43.24,631,"Average","3-year moving average"
"in23","Highest qualification","trend_moving_average","K02000001","country","United Kingdom","year","2020","seb","Higher professional","highest_qualification","first",,,"2014-2025",43.609,39.942,47.38,528,"Average","3-year moving average"
"in23","Highest qualification","trend_moving_average","K02000001","country","United Kingdom","year","2021","seb","Lower working","highest_qualification","first",,,"2014-2025",18.917,15.989,22.087,504,"Average","3-year moving average"
"in23","Highest qualification","trend_moving_average","K02000001","country","United Kingdom","year","2021","seb","Higher working","highest_qualification","first",,,"2014-2025",28.054,24.594,31.811,469,"Average","3-year moving average"
"in23","Highest qualification","trend_moving_average","K02000001","country","United Kingdom","year","2021","seb","Intermediate","highest_qualification","first",,,"2014-2025",33.537,30.292,36.857,641,"Average","3-year moving average"
"in23","Highest qualification","trend_moving_average","K02000001","country","United Kingdom","year","2021","seb","Lower professional","highest_qualification","first",,,"2014-2025",40.811,37.38,44.226,613,"Average","3-year moving average"
"in23","Highest qualification","trend_moving_average","K02000001","country","United Kingdom","year","2021","seb","Higher professional","highest_qualification","first",,,"2014-2025",43.876,40.275,47.562,545,"Average","3-year moving average"
"in23","Highest qualification","trend_moving_average","K02000001","country","United Kingdom","year","2022","seb","Lower working","highest_qualification","first",,,"2014-2025",20.578,17.483,23.979,413,"Average","3-year moving average"
"in23","Highest qualification","trend_moving_average","K02000001","country","United Kingdom","year","2022","seb","Higher working","highest_qualification","first",,,"2014-2025",29.063,25.489,33.009,382,"Average","3-year moving average"
"in23","Highest qualification","trend_moving_average","K02000001","country","United Kingdom","year","2022","seb","Intermediate","highest_qualification","first",,,"2014-2025",34.234,30.944,37.625,549,"Average","3-year moving average"
"in23","Highest qualification","trend_moving_average","K02000001","country","United Kingdom","year","2022","seb","Lower professional","highest_qualification","first",,,"2014-2025",40.229,36.871,43.656,551,"Average","3-year moving average"
"in23","Highest qualification","trend_moving_average","K02000001","country","United Kingdom","year","2022","seb","Higher professional","highest_qualification","first",,,"2014-2025",47.21,43.56,50.839,498,"Average","3-year moving average"
"in23","Highest qualification","trend_moving_average","K02000001","country","United Kingdom","year","2023","seb","Lower working","highest_qualification","first",,,"2014-2025",22.922,19.728,26.421,364,"Average","3-year moving average"
"in23","Highest qualification","trend_moving_average","K02000001","country","United Kingdom","year","2023","seb","Higher working","highest_qualification","first",,,"2014-2025",27.401,23.772,31.472,310,"Average","3-year moving average"
"in23","Highest qualification","trend_moving_average","K02000001","country","United Kingdom","year","2023","seb","Intermediate","highest_qualification","first",,,"2014-2025",32.13,28.944,35.602,489,"Average","3-year moving average"
"in23","Highest qualification","trend_moving_average","K02000001","country","United Kingdom","year","2023","seb","Lower professional","highest_qualification","first",,,"2014-2025",38.897,35.395,42.483,452,"Average","3-year moving average"
"in23","Highest qualification","trend_moving_average","K02000001","country","United Kingdom","year","2023","seb","Higher professional","highest_qualification","first",,,"2014-2025",48.079,44.39,51.844,426,"Average","3-year moving average"
"in23","Highest qualification","trend_moving_average","K02000001","country","United Kingdom","year","2024","seb","Lower working","highest_qualification","first",,,"2014-2025",24.197,20.859,27.707,309,"Average","3-year moving average"
"in23","Highest qualification","trend_moving_average","K02000001","country","United Kingdom","year","2024","seb","Higher working","highest_qualification","first",,,"2014-2025",25.984,22.351,29.98,267,"Average","3-year moving average"
"in23","Highest qualification","trend_moving_average","K02000001","country","United Kingdom","year","2024","seb","Intermediate","highest_qualification","first",,,"2014-2025",33.427,30.182,36.905,424,"Average","3-year moving average"
"in23","Highest qualification","trend_moving_average","K02000001","country","United Kingdom","year","2024","seb","Lower professional","highest_qualification","first",,,"2014-2025",40.703,37.128,44.235,394,"Average","3-year moving average"
"in23","Highest qualification","trend_moving_average","K02000001","country","United Kingdom","year","2024","seb","Higher professional","highest_qualification","first",,,"2014-2025",48.197,44.459,52.062,357,"Average","3-year moving average"
"in23","Highest qualification","trend_moving_average","K02000001","country","United Kingdom","year","2025","seb","Lower working","highest_qualification","first",,,"2014-2025",24.54,21.319,28.065,340,"Average","3-year moving average"
"in23","Highest qualification","trend_moving_average","K02000001","country","United Kingdom","year","2025","seb","Higher working","highest_qualification","first",,,"2014-2025",25.731,22.244,29.75,293,"Average","3-year moving average"
"in23","Highest qualification","trend_moving_average","K02000001","country","United Kingdom","year","2025","seb","Intermediate","highest_qualification","first",,,"2014-2025",33,29.842,36.414,465,"Average","3-year moving average"
"in23","Highest qualification","trend_moving_average","K02000001","country","United Kingdom","year","2025","seb","Lower professional","highest_qualification","first",,,"2014-2025",40.923,37.437,44.449,435,"Average","3-year moving average"
"in23","Highest qualification","trend_moving_average","K02000001","country","United Kingdom","year","2025","seb","Higher professional","highest_qualification","first",,,"2014-2025",45.89,42.274,49.731,398,"Average","3-year moving average"
"in23","Highest qualification","trend_moving_average","K02000001","country","United Kingdom","year","2016","seb","Total","highest_qualification","first",,,"2014-2025",29.302,27.828,30.793,3681,"Average","3-year moving average"
"in23","Highest qualification","trend_moving_average","K02000001","country","United Kingdom","year","2017","seb","Total","highest_qualification","first",,,"2014-2025",29.708,28.254,31.198,3589,"Average","3-year moving average"
"in23","Highest qualification","trend_moving_average","K02000001","country","United Kingdom","year","2018","seb","Total","highest_qualification","first",,,"2014-2025",29.616,28.149,31.108,3404,"Average","3-year moving average"
"in23","Highest qualification","trend_moving_average","K02000001","country","United Kingdom","year","2019","seb","Total","highest_qualification","first",,,"2014-2025",29.823,28.368,31.331,3317,"Average","3-year moving average"
"in23","Highest qualification","trend_moving_average","K02000001","country","United Kingdom","year","2020","seb","Total","highest_qualification","first",,,"2014-2025",31.804,30.315,33.349,2896,"Average","3-year moving average"
"in23","Highest qualification","trend_moving_average","K02000001","country","United Kingdom","year","2021","seb","Total","highest_qualification","first",,,"2014-2025",33.666,32.134,35.223,2771,"Average","3-year moving average"
"in23","Highest qualification","trend_moving_average","K02000001","country","United Kingdom","year","2022","seb","Total","highest_qualification","first",,,"2014-2025",35.105,33.542,36.694,2393,"Average","3-year moving average"
"in23","Highest qualification","trend_moving_average","K02000001","country","United Kingdom","year","2023","seb","Total","highest_qualification","first",,,"2014-2025",34.491,32.894,36.108,2041,"Average","3-year moving average"
"in23","Highest qualification","trend_moving_average","K02000001","country","United Kingdom","year","2024","seb","Total","highest_qualification","first",,,"2014-2025",35.177,33.56,36.805,1752,"Average","3-year moving average"
"in23","Highest qualification","trend_moving_average","K02000001","country","United Kingdom","year","2025","seb","Total","highest_qualification","first",,,"2014-2025",34.667,33.103,36.283,1931,"Average","3-year moving average"
"in23","Highest qualification","trend_moving_average","K02000001","country","United Kingdom","year","2016","seb","Lower working","highest_qualification","further",,,"2014-2025",7.021,5.393,9.169,786,"Average","3-year moving average"
"in23","Highest qualification","trend_moving_average","K02000001","country","United Kingdom","year","2016","seb","Higher working","highest_qualification","further",,,"2014-2025",7.066,5.369,9.224,750,"Average","3-year moving average"
"in23","Highest qualification","trend_moving_average","K02000001","country","United Kingdom","year","2016","seb","Intermediate","highest_qualification","further",,,"2014-2025",6.799,5.247,8.683,895,"Average","3-year moving average"
"in23","Highest qualification","trend_moving_average","K02000001","country","United Kingdom","year","2016","seb","Lower professional","highest_qualification","further",,,"2014-2025",7.779,6.027,10.126,691,"Average","3-year moving average"
"in23","Highest qualification","trend_moving_average","K02000001","country","United Kingdom","year","2016","seb","Higher professional","highest_qualification","further",,,"2014-2025",6.018,4.253,8.291,561,"Average","3-year moving average"
"in23","Highest qualification","trend_moving_average","K02000001","country","United Kingdom","year","2017","seb","Lower working","highest_qualification","further",,,"2014-2025",6.916,5.251,8.977,756,"Average","3-year moving average"
"in23","Highest qualification","trend_moving_average","K02000001","country","United Kingdom","year","2017","seb","Higher working","highest_qualification","further",,,"2014-2025",7.32,5.559,9.399,732,"Average","3-year moving average"
"in23","Highest qualification","trend_moving_average","K02000001","country","United Kingdom","year","2017","seb","Intermediate","highest_qualification","further",,,"2014-2025",6.775,5.219,8.674,842,"Average","3-year moving average"
"in23","Highest qualification","trend_moving_average","K02000001","country","United Kingdom","year","2017","seb","Lower professional","highest_qualification","further",,,"2014-2025",7.16,5.406,9.286,684,"Average","3-year moving average"
"in23","Highest qualification","trend_moving_average","K02000001","country","United Kingdom","year","2017","seb","Higher professional","highest_qualification","further",,,"2014-2025",6.112,4.423,8.31,579,"Average","3-year moving average"
"in23","Highest qualification","trend_moving_average","K02000001","country","United Kingdom","year","2018","seb","Lower working","highest_qualification","further",,,"2014-2025",6.5,4.908,8.64,698,"Average","3-year moving average"
"in23","Highest qualification","trend_moving_average","K02000001","country","United Kingdom","year","2018","seb","Higher working","highest_qualification","further",,,"2014-2025",7.242,5.524,9.387,697,"Average","3-year moving average"
"in23","Highest qualification","trend_moving_average","K02000001","country","United Kingdom","year","2018","seb","Intermediate","highest_qualification","further",,,"2014-2025",6.763,5.222,8.757,775,"Average","3-year moving average"
"in23","Highest qualification","trend_moving_average","K02000001","country","United Kingdom","year","2018","seb","Lower professional","highest_qualification","further",,,"2014-2025",7.432,5.698,9.583,677,"Average","3-year moving average"
"in23","Highest qualification","trend_moving_average","K02000001","country","United Kingdom","year","2018","seb","Higher professional","highest_qualification","further",,,"2014-2025",6.875,5.14,9.211,561,"Average","3-year moving average"
"in23","Highest qualification","trend_moving_average","K02000001","country","United Kingdom","year","2019","seb","Lower working","highest_qualification","further",,,"2014-2025",6.91,5.232,9.091,666,"Average","3-year moving average"
"in23","Highest qualification","trend_moving_average","K02000001","country","United Kingdom","year","2019","seb","Higher working","highest_qualification","further",,,"2014-2025",7.247,5.437,9.44,636,"Average","3-year moving average"
"in23","Highest qualification","trend_moving_average","K02000001","country","United Kingdom","year","2019","seb","Intermediate","highest_qualification","further",,,"2014-2025",7.404,5.77,9.414,762,"Average","3-year moving average"
"in23","Highest qualification","trend_moving_average","K02000001","country","United Kingdom","year","2019","seb","Lower professional","highest_qualification","further",,,"2014-2025",8.198,6.38,10.347,685,"Average","3-year moving average"
"in23","Highest qualification","trend_moving_average","K02000001","country","United Kingdom","year","2019","seb","Higher professional","highest_qualification","further",,,"2014-2025",6.31,4.665,8.492,574,"Average","3-year moving average"
"in23","Highest qualification","trend_moving_average","K02000001","country","United Kingdom","year","2020","seb","Lower working","highest_qualification","further",,,"2014-2025",6.72,5,8.966,546,"Average","3-year moving average"
"in23","Highest qualification","trend_moving_average","K02000001","country","United Kingdom","year","2020","seb","Higher working","highest_qualification","further",,,"2014-2025",7.121,5.373,9.44,542,"Average","3-year moving average"
"in23","Highest qualification","trend_moving_average","K02000001","country","United Kingdom","year","2020","seb","Intermediate","highest_qualification","further",,,"2014-2025",8.051,6.268,10.131,653,"Average","3-year moving average"
"in23","Highest qualification","trend_moving_average","K02000001","country","United Kingdom","year","2020","seb","Lower professional","highest_qualification","further",,,"2014-2025",7.533,5.824,9.539,631,"Average","3-year moving average"
"in23","Highest qualification","trend_moving_average","K02000001","country","United Kingdom","year","2020","seb","Higher professional","highest_qualification","further",,,"2014-2025",6.293,4.614,8.343,528,"Average","3-year moving average"
"in23","Highest qualification","trend_moving_average","K02000001","country","United Kingdom","year","2021","seb","Lower working","highest_qualification","further",,,"2014-2025",6.055,4.397,8.197,505,"Average","3-year moving average"
"in23","Highest qualification","trend_moving_average","K02000001","country","United Kingdom","year","2021","seb","Higher working","highest_qualification","further",,,"2014-2025",7.503,5.678,10.025,469,"Average","3-year moving average"
"in23","Highest qualification","trend_moving_average","K02000001","country","United Kingdom","year","2021","seb","Intermediate","highest_qualification","further",,,"2014-2025",7.732,6.083,9.875,642,"Average","3-year moving average"
"in23","Highest qualification","trend_moving_average","K02000001","country","United Kingdom","year","2021","seb","Lower professional","highest_qualification","further",,,"2014-2025",6.919,5.37,9,613,"Average","3-year moving average"
"in23","Highest qualification","trend_moving_average","K02000001","country","United Kingdom","year","2021","seb","Higher professional","highest_qualification","further",,,"2014-2025",5.645,4.191,7.701,545,"Average","3-year moving average"
"in23","Highest qualification","trend_moving_average","K02000001","country","United Kingdom","year","2022","seb","Lower working","highest_qualification","further",,,"2014-2025",5.569,3.993,7.792,414,"Average","3-year moving average"
"in23","Highest qualification","trend_moving_average","K02000001","country","United Kingdom","year","2022","seb","Higher working","highest_qualification","further",,,"2014-2025",7.992,6.031,10.634,382,"Average","3-year moving average"
"in23","Highest qualification","trend_moving_average","K02000001","country","United Kingdom","year","2022","seb","Intermediate","highest_qualification","further",,,"2014-2025",7.488,5.801,9.581,550,"Average","3-year moving average"
"in23","Highest qualification","trend_moving_average","K02000001","country","United Kingdom","year","2022","seb","Lower professional","highest_qualification","further",,,"2014-2025",5.226,3.826,6.99,551,"Average","3-year moving average"
"in23","Highest qualification","trend_moving_average","K02000001","country","United Kingdom","year","2022","seb","Higher professional","highest_qualification","further",,,"2014-2025",5.511,4.019,7.447,498,"Average","3-year moving average"
"in23","Highest qualification","trend_moving_average","K02000001","country","United Kingdom","year","2023","seb","Lower working","highest_qualification","further",,,"2014-2025",6.657,4.863,8.909,365,"Average","3-year moving average"
"in23","Highest qualification","trend_moving_average","K02000001","country","United Kingdom","year","2023","seb","Higher working","highest_qualification","further",,,"2014-2025",8.548,6.367,11.279,311,"Average","3-year moving average"
"in23","Highest qualification","trend_moving_average","K02000001","country","United Kingdom","year","2023","seb","Intermediate","highest_qualification","further",,,"2014-2025",6.985,5.359,9.069,490,"Average","3-year moving average"
"in23","Highest qualification","trend_moving_average","K02000001","country","United Kingdom","year","2023","seb","Lower professional","highest_qualification","further",,,"2014-2025",5.899,4.336,7.849,452,"Average","3-year moving average"
"in23","Highest qualification","trend_moving_average","K02000001","country","United Kingdom","year","2023","seb","Higher professional","highest_qualification","further",,,"2014-2025",4.203,2.905,6.024,426,"Average","3-year moving average"
"in23","Highest qualification","trend_moving_average","K02000001","country","United Kingdom","year","2024","seb","Lower working","highest_qualification","further",,,"2014-2025",7.002,5.192,9.365,310,"Average","3-year moving average"
"in23","Highest qualification","trend_moving_average","K02000001","country","United Kingdom","year","2024","seb","Higher working","highest_qualification","further",,,"2014-2025",8.567,6.476,11.467,267,"Average","3-year moving average"
"in23","Highest qualification","trend_moving_average","K02000001","country","United Kingdom","year","2024","seb","Intermediate","highest_qualification","further",,,"2014-2025",7.208,5.583,9.351,425,"Average","3-year moving average"
"in23","Highest qualification","trend_moving_average","K02000001","country","United Kingdom","year","2024","seb","Lower professional","highest_qualification","further",,,"2014-2025",5.867,4.295,7.777,394,"Average","3-year moving average"
"in23","Highest qualification","trend_moving_average","K02000001","country","United Kingdom","year","2024","seb","Higher professional","highest_qualification","further",,,"2014-2025",4.017,2.775,5.912,357,"Average","3-year moving average"
"in23","Highest qualification","trend_moving_average","K02000001","country","United Kingdom","year","2025","seb","Lower working","highest_qualification","further",,,"2014-2025",7.534,5.647,9.853,340,"Average","3-year moving average"
"in23","Highest qualification","trend_moving_average","K02000001","country","United Kingdom","year","2025","seb","Higher working","highest_qualification","further",,,"2014-2025",8.134,5.978,10.748,293,"Average","3-year moving average"
"in23","Highest qualification","trend_moving_average","K02000001","country","United Kingdom","year","2025","seb","Intermediate","highest_qualification","further",,,"2014-2025",6.365,4.839,8.33,466,"Average","3-year moving average"
"in23","Highest qualification","trend_moving_average","K02000001","country","United Kingdom","year","2025","seb","Lower professional","highest_qualification","further",,,"2014-2025",6.605,5.064,8.71,435,"Average","3-year moving average"
"in23","Highest qualification","trend_moving_average","K02000001","country","United Kingdom","year","2025","seb","Higher professional","highest_qualification","further",,,"2014-2025",3.485,2.342,5.236,399,"Average","3-year moving average"
"in23","Highest qualification","trend_moving_average","K02000001","country","United Kingdom","year","2016","seb","Total","highest_qualification","further",,,"2014-2025",6.964,6.18,7.852,3684,"Average","3-year moving average"
"in23","Highest qualification","trend_moving_average","K02000001","country","United Kingdom","year","2017","seb","Total","highest_qualification","further",,,"2014-2025",6.875,6.09,7.732,3594,"Average","3-year moving average"
"in23","Highest qualification","trend_moving_average","K02000001","country","United Kingdom","year","2018","seb","Total","highest_qualification","further",,,"2014-2025",6.962,6.187,7.851,3409,"Average","3-year moving average"
"in23","Highest qualification","trend_moving_average","K02000001","country","United Kingdom","year","2019","seb","Total","highest_qualification","further",,,"2014-2025",7.247,6.456,8.149,3323,"Average","3-year moving average"
"in23","Highest qualification","trend_moving_average","K02000001","country","United Kingdom","year","2020","seb","Total","highest_qualification","further",,,"2014-2025",7.187,6.383,8.079,2899,"Average","3-year moving average"
"in23","Highest qualification","trend_moving_average","K02000001","country","United Kingdom","year","2021","seb","Total","highest_qualification","further",,,"2014-2025",6.788,5.995,7.653,2773,"Average","3-year moving average"
"in23","Highest qualification","trend_moving_average","K02000001","country","United Kingdom","year","2022","seb","Total","highest_qualification","further",,,"2014-2025",6.302,5.544,7.166,2395,"Average","3-year moving average"
"in23","Highest qualification","trend_moving_average","K02000001","country","United Kingdom","year","2023","seb","Total","highest_qualification","further",,,"2014-2025",6.353,5.582,7.248,2044,"Average","3-year moving average"
"in23","Highest qualification","trend_moving_average","K02000001","country","United Kingdom","year","2024","seb","Total","highest_qualification","further",,,"2014-2025",6.437,5.641,7.324,1754,"Average","3-year moving average"
"in23","Highest qualification","trend_moving_average","K02000001","country","United Kingdom","year","2025","seb","Total","highest_qualification","further",,,"2014-2025",6.329,5.559,7.202,1932,"Average","3-year moving average"
"in23","Highest qualification","trend_moving_average","K02000001","country","United Kingdom","year","2016","seb","Lower working","highest_qualification","a_level",,,"2014-2025",30.726,27.49,34.145,786,"Average","3-year moving average"
"in23","Highest qualification","trend_moving_average","K02000001","country","United Kingdom","year","2016","seb","Higher working","highest_qualification","a_level",,,"2014-2025",32.939,29.517,36.425,750,"Average","3-year moving average"
"in23","Highest qualification","trend_moving_average","K02000001","country","United Kingdom","year","2016","seb","Intermediate","highest_qualification","a_level",,,"2014-2025",27.215,24.32,30.283,895,"Average","3-year moving average"
"in23","Highest qualification","trend_moving_average","K02000001","country","United Kingdom","year","2016","seb","Lower professional","highest_qualification","a_level",,,"2014-2025",23.665,20.631,26.996,691,"Average","3-year moving average"
"in23","Highest qualification","trend_moving_average","K02000001","country","United Kingdom","year","2016","seb","Higher professional","highest_qualification","a_level",,,"2014-2025",17.166,14.315,20.595,561,"Average","3-year moving average"
"in23","Highest qualification","trend_moving_average","K02000001","country","United Kingdom","year","2017","seb","Lower working","highest_qualification","a_level",,,"2014-2025",30.735,27.469,34.105,756,"Average","3-year moving average"
"in23","Highest qualification","trend_moving_average","K02000001","country","United Kingdom","year","2017","seb","Higher working","highest_qualification","a_level",,,"2014-2025",33.085,29.792,36.609,732,"Average","3-year moving average"
"in23","Highest qualification","trend_moving_average","K02000001","country","United Kingdom","year","2017","seb","Intermediate","highest_qualification","a_level",,,"2014-2025",27.582,24.66,30.689,842,"Average","3-year moving average"
"in23","Highest qualification","trend_moving_average","K02000001","country","United Kingdom","year","2017","seb","Lower professional","highest_qualification","a_level",,,"2014-2025",23.039,20.013,26.24,684,"Average","3-year moving average"
"in23","Highest qualification","trend_moving_average","K02000001","country","United Kingdom","year","2017","seb","Higher professional","highest_qualification","a_level",,,"2014-2025",17.899,15.115,21.214,579,"Average","3-year moving average"
"in23","Highest qualification","trend_moving_average","K02000001","country","United Kingdom","year","2018","seb","Lower working","highest_qualification","a_level",,,"2014-2025",31.333,28.018,34.85,698,"Average","3-year moving average"
"in23","Highest qualification","trend_moving_average","K02000001","country","United Kingdom","year","2018","seb","Higher working","highest_qualification","a_level",,,"2014-2025",33.821,30.5,37.406,697,"Average","3-year moving average"
"in23","Highest qualification","trend_moving_average","K02000001","country","United Kingdom","year","2018","seb","Intermediate","highest_qualification","a_level",,,"2014-2025",28.765,25.791,32.024,775,"Average","3-year moving average"
"in23","Highest qualification","trend_moving_average","K02000001","country","United Kingdom","year","2018","seb","Lower professional","highest_qualification","a_level",,,"2014-2025",23.847,20.876,27.077,677,"Average","3-year moving average"
"in23","Highest qualification","trend_moving_average","K02000001","country","United Kingdom","year","2018","seb","Higher professional","highest_qualification","a_level",,,"2014-2025",18.119,15.285,21.351,561,"Average","3-year moving average"
"in23","Highest qualification","trend_moving_average","K02000001","country","United Kingdom","year","2019","seb","Lower working","highest_qualification","a_level",,,"2014-2025",30.42,27.157,33.995,666,"Average","3-year moving average"
"in23","Highest qualification","trend_moving_average","K02000001","country","United Kingdom","year","2019","seb","Higher working","highest_qualification","a_level",,,"2014-2025",33.956,30.463,37.631,636,"Average","3-year moving average"
"in23","Highest qualification","trend_moving_average","K02000001","country","United Kingdom","year","2019","seb","Intermediate","highest_qualification","a_level",,,"2014-2025",29.841,26.78,33.029,762,"Average","3-year moving average"
"in23","Highest qualification","trend_moving_average","K02000001","country","United Kingdom","year","2019","seb","Lower professional","highest_qualification","a_level",,,"2014-2025",23.044,20.186,26.197,685,"Average","3-year moving average"
"in23","Highest qualification","trend_moving_average","K02000001","country","United Kingdom","year","2019","seb","Higher professional","highest_qualification","a_level",,,"2014-2025",18.547,15.72,21.701,574,"Average","3-year moving average"
"in23","Highest qualification","trend_moving_average","K02000001","country","United Kingdom","year","2020","seb","Lower working","highest_qualification","a_level",,,"2014-2025",31.214,27.772,34.928,546,"Average","3-year moving average"
"in23","Highest qualification","trend_moving_average","K02000001","country","United Kingdom","year","2020","seb","Higher working","highest_qualification","a_level",,,"2014-2025",32.336,28.838,36.047,542,"Average","3-year moving average"
"in23","Highest qualification","trend_moving_average","K02000001","country","United Kingdom","year","2020","seb","Intermediate","highest_qualification","a_level",,,"2014-2025",27.854,24.888,31.167,653,"Average","3-year moving average"
"in23","Highest qualification","trend_moving_average","K02000001","country","United Kingdom","year","2020","seb","Lower professional","highest_qualification","a_level",,,"2014-2025",22.796,20.015,25.839,631,"Average","3-year moving average"
"in23","Highest qualification","trend_moving_average","K02000001","country","United Kingdom","year","2020","seb","Higher professional","highest_qualification","a_level",,,"2014-2025",17.452,14.737,20.469,528,"Average","3-year moving average"
"in23","Highest qualification","trend_moving_average","K02000001","country","United Kingdom","year","2021","seb","Lower working","highest_qualification","a_level",,,"2014-2025",31.106,27.593,34.771,505,"Average","3-year moving average"
"in23","Highest qualification","trend_moving_average","K02000001","country","United Kingdom","year","2021","seb","Higher working","highest_qualification","a_level",,,"2014-2025",31.124,27.532,34.963,469,"Average","3-year moving average"
"in23","Highest qualification","trend_moving_average","K02000001","country","United Kingdom","year","2021","seb","Intermediate","highest_qualification","a_level",,,"2014-2025",27.488,24.463,30.672,642,"Average","3-year moving average"
"in23","Highest qualification","trend_moving_average","K02000001","country","United Kingdom","year","2021","seb","Lower professional","highest_qualification","a_level",,,"2014-2025",21.239,18.57,24.3,613,"Average","3-year moving average"
"in23","Highest qualification","trend_moving_average","K02000001","country","United Kingdom","year","2021","seb","Higher professional","highest_qualification","a_level",,,"2014-2025",17.071,14.507,20.082,545,"Average","3-year moving average"
"in23","Highest qualification","trend_moving_average","K02000001","country","United Kingdom","year","2022","seb","Lower working","highest_qualification","a_level",,,"2014-2025",29.992,26.428,33.758,414,"Average","3-year moving average"
"in23","Highest qualification","trend_moving_average","K02000001","country","United Kingdom","year","2022","seb","Higher working","highest_qualification","a_level",,,"2014-2025",28.393,24.835,32.303,382,"Average","3-year moving average"
"in23","Highest qualification","trend_moving_average","K02000001","country","United Kingdom","year","2022","seb","Intermediate","highest_qualification","a_level",,,"2014-2025",25.486,22.485,28.627,550,"Average","3-year moving average"
"in23","Highest qualification","trend_moving_average","K02000001","country","United Kingdom","year","2022","seb","Lower professional","highest_qualification","a_level",,,"2014-2025",21.297,18.548,24.235,551,"Average","3-year moving average"
"in23","Highest qualification","trend_moving_average","K02000001","country","United Kingdom","year","2022","seb","Higher professional","highest_qualification","a_level",,,"2014-2025",15.503,13.064,18.397,498,"Average","3-year moving average"
"in23","Highest qualification","trend_moving_average","K02000001","country","United Kingdom","year","2023","seb","Lower working","highest_qualification","a_level",,,"2014-2025",25.225,21.901,28.798,365,"Average","3-year moving average"
"in23","Highest qualification","trend_moving_average","K02000001","country","United Kingdom","year","2023","seb","Higher working","highest_qualification","a_level",,,"2014-2025",26.693,23.023,30.648,311,"Average","3-year moving average"
"in23","Highest qualification","trend_moving_average","K02000001","country","United Kingdom","year","2023","seb","Intermediate","highest_qualification","a_level",,,"2014-2025",25.478,22.464,28.67,490,"Average","3-year moving average"
"in23","Highest qualification","trend_moving_average","K02000001","country","United Kingdom","year","2023","seb","Lower professional","highest_qualification","a_level",,,"2014-2025",19.171,16.456,22.214,452,"Average","3-year moving average"
"in23","Highest qualification","trend_moving_average","K02000001","country","United Kingdom","year","2023","seb","Higher professional","highest_qualification","a_level",,,"2014-2025",14.912,12.379,17.741,426,"Average","3-year moving average"
"in23","Highest qualification","trend_moving_average","K02000001","country","United Kingdom","year","2024","seb","Lower working","highest_qualification","a_level",,,"2014-2025",24.648,21.395,28.284,310,"Average","3-year moving average"
"in23","Highest qualification","trend_moving_average","K02000001","country","United Kingdom","year","2024","seb","Higher working","highest_qualification","a_level",,,"2014-2025",23.939,20.396,27.823,267,"Average","3-year moving average"
"in23","Highest qualification","trend_moving_average","K02000001","country","United Kingdom","year","2024","seb","Intermediate","highest_qualification","a_level",,,"2014-2025",23.914,21.007,27.089,425,"Average","3-year moving average"
"in23","Highest qualification","trend_moving_average","K02000001","country","United Kingdom","year","2024","seb","Lower professional","highest_qualification","a_level",,,"2014-2025",17.85,15.189,20.764,394,"Average","3-year moving average"
"in23","Highest qualification","trend_moving_average","K02000001","country","United Kingdom","year","2024","seb","Higher professional","highest_qualification","a_level",,,"2014-2025",13.852,11.381,16.689,357,"Average","3-year moving average"
"in23","Highest qualification","trend_moving_average","K02000001","country","United Kingdom","year","2025","seb","Lower working","highest_qualification","a_level",,,"2014-2025",24.31,21.108,27.823,340,"Average","3-year moving average"
"in23","Highest qualification","trend_moving_average","K02000001","country","United Kingdom","year","2025","seb","Higher working","highest_qualification","a_level",,,"2014-2025",24.368,20.859,28.226,293,"Average","3-year moving average"
"in23","Highest qualification","trend_moving_average","K02000001","country","United Kingdom","year","2025","seb","Intermediate","highest_qualification","a_level",,,"2014-2025",23.309,20.455,26.369,466,"Average","3-year moving average"
"in23","Highest qualification","trend_moving_average","K02000001","country","United Kingdom","year","2025","seb","Lower professional","highest_qualification","a_level",,,"2014-2025",18.559,15.956,21.539,435,"Average","3-year moving average"
"in23","Highest qualification","trend_moving_average","K02000001","country","United Kingdom","year","2025","seb","Higher professional","highest_qualification","a_level",,,"2014-2025",14.676,12.19,17.538,399,"Average","3-year moving average"
"in23","Highest qualification","trend_moving_average","K02000001","country","United Kingdom","year","2016","seb","Total","highest_qualification","a_level",,,"2014-2025",26.799,25.379,28.264,3684,"Average","3-year moving average"
"in23","Highest qualification","trend_moving_average","K02000001","country","United Kingdom","year","2017","seb","Total","highest_qualification","a_level",,,"2014-2025",26.807,25.4,28.253,3594,"Average","3-year moving average"
"in23","Highest qualification","trend_moving_average","K02000001","country","United Kingdom","year","2018","seb","Total","highest_qualification","a_level",,,"2014-2025",27.427,25.993,28.882,3409,"Average","3-year moving average"
"in23","Highest qualification","trend_moving_average","K02000001","country","United Kingdom","year","2019","seb","Total","highest_qualification","a_level",,,"2014-2025",27.234,25.819,28.701,3323,"Average","3-year moving average"
"in23","Highest qualification","trend_moving_average","K02000001","country","United Kingdom","year","2020","seb","Total","highest_qualification","a_level",,,"2014-2025",26.151,24.733,27.595,2899,"Average","3-year moving average"
"in23","Highest qualification","trend_moving_average","K02000001","country","United Kingdom","year","2021","seb","Total","highest_qualification","a_level",,,"2014-2025",25.269,23.885,26.728,2773,"Average","3-year moving average"
"in23","Highest qualification","trend_moving_average","K02000001","country","United Kingdom","year","2022","seb","Total","highest_qualification","a_level",,,"2014-2025",23.699,22.318,25.129,2395,"Average","3-year moving average"
"in23","Highest qualification","trend_moving_average","K02000001","country","United Kingdom","year","2023","seb","Total","highest_qualification","a_level",,,"2014-2025",22.04,20.673,23.478,2044,"Average","3-year moving average"
"in23","Highest qualification","trend_moving_average","K02000001","country","United Kingdom","year","2024","seb","Total","highest_qualification","a_level",,,"2014-2025",20.66,19.311,22.066,1754,"Average","3-year moving average"
"in23","Highest qualification","trend_moving_average","K02000001","country","United Kingdom","year","2025","seb","Total","highest_qualification","a_level",,,"2014-2025",20.857,19.524,22.241,1932,"Average","3-year moving average"
"in23","Highest qualification","trend_moving_average","K02000001","country","United Kingdom","year","2016","seb","Lower working","highest_qualification","gcse_level",,,"2014-2025",18.075,15.415,20.99,786,"Average","3-year moving average"
"in23","Highest qualification","trend_moving_average","K02000001","country","United Kingdom","year","2016","seb","Higher working","highest_qualification","gcse_level",,,"2014-2025",16.663,14.128,19.651,750,"Average","3-year moving average"
"in23","Highest qualification","trend_moving_average","K02000001","country","United Kingdom","year","2016","seb","Intermediate","highest_qualification","gcse_level",,,"2014-2025",13.571,11.395,16.015,895,"Average","3-year moving average"
"in23","Highest qualification","trend_moving_average","K02000001","country","United Kingdom","year","2016","seb","Lower professional","highest_qualification","gcse_level",,,"2014-2025",8.977,7.02,11.361,691,"Average","3-year moving average"
"in23","Highest qualification","trend_moving_average","K02000001","country","United Kingdom","year","2016","seb","Higher professional","highest_qualification","gcse_level",,,"2014-2025",6.009,4.253,8.291,561,"Average","3-year moving average"
"in23","Highest qualification","trend_moving_average","K02000001","country","United Kingdom","year","2017","seb","Lower working","highest_qualification","gcse_level",,,"2014-2025",18.058,15.456,21.02,756,"Average","3-year moving average"
"in23","Highest qualification","trend_moving_average","K02000001","country","United Kingdom","year","2017","seb","Higher working","highest_qualification","gcse_level",,,"2014-2025",14.692,12.244,17.409,732,"Average","3-year moving average"
"in23","Highest qualification","trend_moving_average","K02000001","country","United Kingdom","year","2017","seb","Intermediate","highest_qualification","gcse_level",,,"2014-2025",12.823,10.707,15.256,842,"Average","3-year moving average"
"in23","Highest qualification","trend_moving_average","K02000001","country","United Kingdom","year","2017","seb","Lower professional","highest_qualification","gcse_level",,,"2014-2025",9.097,7.099,11.401,684,"Average","3-year moving average"
"in23","Highest qualification","trend_moving_average","K02000001","country","United Kingdom","year","2017","seb","Higher professional","highest_qualification","gcse_level",,,"2014-2025",6.364,4.69,8.664,579,"Average","3-year moving average"
"in23","Highest qualification","trend_moving_average","K02000001","country","United Kingdom","year","2018","seb","Lower working","highest_qualification","gcse_level",,,"2014-2025",17.364,14.674,20.279,698,"Average","3-year moving average"
"in23","Highest qualification","trend_moving_average","K02000001","country","United Kingdom","year","2018","seb","Higher working","highest_qualification","gcse_level",,,"2014-2025",14.082,11.686,16.804,697,"Average","3-year moving average"
"in23","Highest qualification","trend_moving_average","K02000001","country","United Kingdom","year","2018","seb","Intermediate","highest_qualification","gcse_level",,,"2014-2025",12.661,10.488,15.1,775,"Average","3-year moving average"
"in23","Highest qualification","trend_moving_average","K02000001","country","United Kingdom","year","2018","seb","Lower professional","highest_qualification","gcse_level",,,"2014-2025",8.946,7.108,11.334,677,"Average","3-year moving average"
"in23","Highest qualification","trend_moving_average","K02000001","country","United Kingdom","year","2018","seb","Higher professional","highest_qualification","gcse_level",,,"2014-2025",6.235,4.61,8.519,561,"Average","3-year moving average"
"in23","Highest qualification","trend_moving_average","K02000001","country","United Kingdom","year","2019","seb","Lower working","highest_qualification","gcse_level",,,"2014-2025",18.084,15.31,21.048,666,"Average","3-year moving average"
"in23","Highest qualification","trend_moving_average","K02000001","country","United Kingdom","year","2019","seb","Higher working","highest_qualification","gcse_level",,,"2014-2025",14.182,11.776,17.117,636,"Average","3-year moving average"
"in23","Highest qualification","trend_moving_average","K02000001","country","United Kingdom","year","2019","seb","Intermediate","highest_qualification","gcse_level",,,"2014-2025",11.976,9.907,14.387,762,"Average","3-year moving average"
"in23","Highest qualification","trend_moving_average","K02000001","country","United Kingdom","year","2019","seb","Lower professional","highest_qualification","gcse_level",,,"2014-2025",8.291,6.493,10.487,685,"Average","3-year moving average"
"in23","Highest qualification","trend_moving_average","K02000001","country","United Kingdom","year","2019","seb","Higher professional","highest_qualification","gcse_level",,,"2014-2025",5.662,4.036,7.661,574,"Average","3-year moving average"
"in23","Highest qualification","trend_moving_average","K02000001","country","United Kingdom","year","2020","seb","Lower working","highest_qualification","gcse_level",,,"2014-2025",17.512,14.729,20.63,546,"Average","3-year moving average"
"in23","Highest qualification","trend_moving_average","K02000001","country","United Kingdom","year","2020","seb","Higher working","highest_qualification","gcse_level",,,"2014-2025",14.919,12.34,17.877,542,"Average","3-year moving average"
"in23","Highest qualification","trend_moving_average","K02000001","country","United Kingdom","year","2020","seb","Intermediate","highest_qualification","gcse_level",,,"2014-2025",10.842,8.814,13.213,653,"Average","3-year moving average"
"in23","Highest qualification","trend_moving_average","K02000001","country","United Kingdom","year","2020","seb","Lower professional","highest_qualification","gcse_level",,,"2014-2025",7.784,6.146,9.938,631,"Average","3-year moving average"
"in23","Highest qualification","trend_moving_average","K02000001","country","United Kingdom","year","2020","seb","Higher professional","highest_qualification","gcse_level",,,"2014-2025",5.406,3.886,7.382,528,"Average","3-year moving average"
"in23","Highest qualification","trend_moving_average","K02000001","country","United Kingdom","year","2021","seb","Lower working","highest_qualification","gcse_level",,,"2014-2025",16.975,14.303,20.174,505,"Average","3-year moving average"
"in23","Highest qualification","trend_moving_average","K02000001","country","United Kingdom","year","2021","seb","Higher working","highest_qualification","gcse_level",,,"2014-2025",14.059,11.446,17.075,469,"Average","3-year moving average"
"in23","Highest qualification","trend_moving_average","K02000001","country","United Kingdom","year","2021","seb","Intermediate","highest_qualification","gcse_level",,,"2014-2025",9.049,7.168,11.207,642,"Average","3-year moving average"
"in23","Highest qualification","trend_moving_average","K02000001","country","United Kingdom","year","2021","seb","Lower professional","highest_qualification","gcse_level",,,"2014-2025",8.158,6.455,10.351,613,"Average","3-year moving average"
"in23","Highest qualification","trend_moving_average","K02000001","country","United Kingdom","year","2021","seb","Higher professional","highest_qualification","gcse_level",,,"2014-2025",4.677,3.267,6.464,545,"Average","3-year moving average"
"in23","Highest qualification","trend_moving_average","K02000001","country","United Kingdom","year","2022","seb","Lower working","highest_qualification","gcse_level",,,"2014-2025",18.31,15.36,21.577,414,"Average","3-year moving average"
"in23","Highest qualification","trend_moving_average","K02000001","country","United Kingdom","year","2022","seb","Higher working","highest_qualification","gcse_level",,,"2014-2025",14.42,11.692,17.555,382,"Average","3-year moving average"
"in23","Highest qualification","trend_moving_average","K02000001","country","United Kingdom","year","2022","seb","Intermediate","highest_qualification","gcse_level",,,"2014-2025",9.948,8.032,12.311,550,"Average","3-year moving average"
"in23","Highest qualification","trend_moving_average","K02000001","country","United Kingdom","year","2022","seb","Lower professional","highest_qualification","gcse_level",,,"2014-2025",8.95,7.125,11.141,551,"Average","3-year moving average"
"in23","Highest qualification","trend_moving_average","K02000001","country","United Kingdom","year","2022","seb","Higher professional","highest_qualification","gcse_level",,,"2014-2025",4.477,3.111,6.224,498,"Average","3-year moving average"
"in23","Highest qualification","trend_moving_average","K02000001","country","United Kingdom","year","2023","seb","Lower working","highest_qualification","gcse_level",,,"2014-2025",21.258,18.181,24.693,365,"Average","3-year moving average"
"in23","Highest qualification","trend_moving_average","K02000001","country","United Kingdom","year","2023","seb","Higher working","highest_qualification","gcse_level",,,"2014-2025",14.966,12.152,18.358,311,"Average","3-year moving average"
"in23","Highest qualification","trend_moving_average","K02000001","country","United Kingdom","year","2023","seb","Intermediate","highest_qualification","gcse_level",,,"2014-2025",11.808,9.699,14.346,490,"Average","3-year moving average"
"in23","Highest qualification","trend_moving_average","K02000001","country","United Kingdom","year","2023","seb","Lower professional","highest_qualification","gcse_level",,,"2014-2025",8.311,6.434,10.516,452,"Average","3-year moving average"
"in23","Highest qualification","trend_moving_average","K02000001","country","United Kingdom","year","2023","seb","Higher professional","highest_qualification","gcse_level",,,"2014-2025",4.122,2.789,5.862,426,"Average","3-year moving average"
"in23","Highest qualification","trend_moving_average","K02000001","country","United Kingdom","year","2024","seb","Lower working","highest_qualification","gcse_level",,,"2014-2025",23.064,19.888,26.626,310,"Average","3-year moving average"
"in23","Highest qualification","trend_moving_average","K02000001","country","United Kingdom","year","2024","seb","Higher working","highest_qualification","gcse_level",,,"2014-2025",17.646,14.605,21.278,267,"Average","3-year moving average"
"in23","Highest qualification","trend_moving_average","K02000001","country","United Kingdom","year","2024","seb","Intermediate","highest_qualification","gcse_level",,,"2014-2025",12.681,10.515,15.303,425,"Average","3-year moving average"
"in23","Highest qualification","trend_moving_average","K02000001","country","United Kingdom","year","2024","seb","Lower professional","highest_qualification","gcse_level",,,"2014-2025",7.66,5.907,9.838,394,"Average","3-year moving average"
"in23","Highest qualification","trend_moving_average","K02000001","country","United Kingdom","year","2024","seb","Higher professional","highest_qualification","gcse_level",,,"2014-2025",5.38,3.871,7.418,357,"Average","3-year moving average"
"in23","Highest qualification","trend_moving_average","K02000001","country","United Kingdom","year","2025","seb","Lower working","highest_qualification","gcse_level",,,"2014-2025",21.489,18.363,24.793,340,"Average","3-year moving average"
"in23","Highest qualification","trend_moving_average","K02000001","country","United Kingdom","year","2025","seb","Higher working","highest_qualification","gcse_level",,,"2014-2025",17.589,14.535,21.096,293,"Average","3-year moving average"
"in23","Highest qualification","trend_moving_average","K02000001","country","United Kingdom","year","2025","seb","Intermediate","highest_qualification","gcse_level",,,"2014-2025",12.495,10.349,15.012,466,"Average","3-year moving average"
"in23","Highest qualification","trend_moving_average","K02000001","country","United Kingdom","year","2025","seb","Lower professional","highest_qualification","gcse_level",,,"2014-2025",7.157,5.514,9.28,435,"Average","3-year moving average"
"in23","Highest qualification","trend_moving_average","K02000001","country","United Kingdom","year","2025","seb","Higher professional","highest_qualification","gcse_level",,,"2014-2025",5.811,4.231,7.831,399,"Average","3-year moving average"
"in23","Highest qualification","trend_moving_average","K02000001","country","United Kingdom","year","2016","seb","Total","highest_qualification","gcse_level",,,"2014-2025",13.03,11.958,14.158,3684,"Average","3-year moving average"
"in23","Highest qualification","trend_moving_average","K02000001","country","United Kingdom","year","2017","seb","Total","highest_qualification","gcse_level",,,"2014-2025",12.448,11.406,13.539,3594,"Average","3-year moving average"
"in23","Highest qualification","trend_moving_average","K02000001","country","United Kingdom","year","2018","seb","Total","highest_qualification","gcse_level",,,"2014-2025",11.996,10.974,13.086,3409,"Average","3-year moving average"
"in23","Highest qualification","trend_moving_average","K02000001","country","United Kingdom","year","2019","seb","Total","highest_qualification","gcse_level",,,"2014-2025",11.643,10.647,12.732,3323,"Average","3-year moving average"
"in23","Highest qualification","trend_moving_average","K02000001","country","United Kingdom","year","2020","seb","Total","highest_qualification","gcse_level",,,"2014-2025",11.067,10.078,12.13,2899,"Average","3-year moving average"
"in23","Highest qualification","trend_moving_average","K02000001","country","United Kingdom","year","2021","seb","Total","highest_qualification","gcse_level",,,"2014-2025",10.256,9.294,11.288,2773,"Average","3-year moving average"
"in23","Highest qualification","trend_moving_average","K02000001","country","United Kingdom","year","2022","seb","Total","highest_qualification","gcse_level",,,"2014-2025",10.763,9.786,11.845,2395,"Average","3-year moving average"
"in23","Highest qualification","trend_moving_average","K02000001","country","United Kingdom","year","2023","seb","Total","highest_qualification","gcse_level",,,"2014-2025",11.691,10.632,12.813,2044,"Average","3-year moving average"
"in23","Highest qualification","trend_moving_average","K02000001","country","United Kingdom","year","2024","seb","Total","highest_qualification","gcse_level",,,"2014-2025",12.781,11.681,13.958,1754,"Average","3-year moving average"
"in23","Highest qualification","trend_moving_average","K02000001","country","United Kingdom","year","2025","seb","Total","highest_qualification","gcse_level",,,"2014-2025",12.426,11.371,13.584,1932,"Average","3-year moving average"
"in23","Highest qualification","trend_moving_average","K02000001","country","United Kingdom","year","2016","seb","Lower working","highest_qualification","lower",,,"2014-2025",23.511,20.598,26.731,786,"Average","3-year moving average"
"in23","Highest qualification","trend_moving_average","K02000001","country","United Kingdom","year","2016","seb","Higher working","highest_qualification","lower",,,"2014-2025",14.412,11.988,17.196,750,"Average","3-year moving average"
"in23","Highest qualification","trend_moving_average","K02000001","country","United Kingdom","year","2016","seb","Intermediate","highest_qualification","lower",,,"2014-2025",13.423,11.291,15.895,895,"Average","3-year moving average"
"in23","Highest qualification","trend_moving_average","K02000001","country","United Kingdom","year","2016","seb","Lower professional","highest_qualification","lower",,,"2014-2025",6.262,4.683,8.408,691,"Average","3-year moving average"
"in23","Highest qualification","trend_moving_average","K02000001","country","United Kingdom","year","2016","seb","Higher professional","highest_qualification","lower",,,"2014-2025",4.431,2.976,6.521,561,"Average","3-year moving average"
"in23","Highest qualification","trend_moving_average","K02000001","country","United Kingdom","year","2017","seb","Lower working","highest_qualification","lower",,,"2014-2025",22.987,20.118,26.189,756,"Average","3-year moving average"
"in23","Highest qualification","trend_moving_average","K02000001","country","United Kingdom","year","2017","seb","Higher working","highest_qualification","lower",,,"2014-2025",14.354,12.001,17.128,732,"Average","3-year moving average"
"in23","Highest qualification","trend_moving_average","K02000001","country","United Kingdom","year","2017","seb","Intermediate","highest_qualification","lower",,,"2014-2025",12.318,10.286,14.766,842,"Average","3-year moving average"
"in23","Highest qualification","trend_moving_average","K02000001","country","United Kingdom","year","2017","seb","Lower professional","highest_qualification","lower",,,"2014-2025",5.274,3.869,7.288,684,"Average","3-year moving average"
"in23","Highest qualification","trend_moving_average","K02000001","country","United Kingdom","year","2017","seb","Higher professional","highest_qualification","lower",,,"2014-2025",3.59,2.344,5.427,579,"Average","3-year moving average"
"in23","Highest qualification","trend_moving_average","K02000001","country","United Kingdom","year","2018","seb","Lower working","highest_qualification","lower",,,"2014-2025",23.434,20.447,26.702,698,"Average","3-year moving average"
"in23","Highest qualification","trend_moving_average","K02000001","country","United Kingdom","year","2018","seb","Higher working","highest_qualification","lower",,,"2014-2025",14.825,12.427,17.661,697,"Average","3-year moving average"
"in23","Highest qualification","trend_moving_average","K02000001","country","United Kingdom","year","2018","seb","Intermediate","highest_qualification","lower",,,"2014-2025",12.23,10.159,14.717,775,"Average","3-year moving average"
"in23","Highest qualification","trend_moving_average","K02000001","country","United Kingdom","year","2018","seb","Lower professional","highest_qualification","lower",,,"2014-2025",5.342,3.858,7.209,677,"Average","3-year moving average"
"in23","Highest qualification","trend_moving_average","K02000001","country","United Kingdom","year","2018","seb","Higher professional","highest_qualification","lower",,,"2014-2025",2.969,1.816,4.606,561,"Average","3-year moving average"
"in23","Highest qualification","trend_moving_average","K02000001","country","United Kingdom","year","2019","seb","Lower working","highest_qualification","lower",,,"2014-2025",23.017,20.004,26.271,666,"Average","3-year moving average"
"in23","Highest qualification","trend_moving_average","K02000001","country","United Kingdom","year","2019","seb","Higher working","highest_qualification","lower",,,"2014-2025",14.045,11.644,16.963,636,"Average","3-year moving average"
"in23","Highest qualification","trend_moving_average","K02000001","country","United Kingdom","year","2019","seb","Intermediate","highest_qualification","lower",,,"2014-2025",11.392,9.37,13.757,762,"Average","3-year moving average"
"in23","Highest qualification","trend_moving_average","K02000001","country","United Kingdom","year","2019","seb","Lower professional","highest_qualification","lower",,,"2014-2025",5.041,3.71,6.937,685,"Average","3-year moving average"
"in23","Highest qualification","trend_moving_average","K02000001","country","United Kingdom","year","2019","seb","Higher professional","highest_qualification","lower",,,"2014-2025",2.54,1.51,4.056,574,"Average","3-year moving average"
"in23","Highest qualification","trend_moving_average","K02000001","country","United Kingdom","year","2020","seb","Lower working","highest_qualification","lower",,,"2014-2025",20.737,17.804,24.093,546,"Average","3-year moving average"
"in23","Highest qualification","trend_moving_average","K02000001","country","United Kingdom","year","2020","seb","Higher working","highest_qualification","lower",,,"2014-2025",13.05,10.701,15.96,542,"Average","3-year moving average"
"in23","Highest qualification","trend_moving_average","K02000001","country","United Kingdom","year","2020","seb","Intermediate","highest_qualification","lower",,,"2014-2025",10.62,8.59,12.947,653,"Average","3-year moving average"
"in23","Highest qualification","trend_moving_average","K02000001","country","United Kingdom","year","2020","seb","Lower professional","highest_qualification","lower",,,"2014-2025",4.557,3.306,6.298,631,"Average","3-year moving average"
"in23","Highest qualification","trend_moving_average","K02000001","country","United Kingdom","year","2020","seb","Higher professional","highest_qualification","lower",,,"2014-2025",2.716,1.674,4.25,528,"Average","3-year moving average"
"in23","Highest qualification","trend_moving_average","K02000001","country","United Kingdom","year","2021","seb","Lower working","highest_qualification","lower",,,"2014-2025",19.761,16.835,23.039,505,"Average","3-year moving average"
"in23","Highest qualification","trend_moving_average","K02000001","country","United Kingdom","year","2021","seb","Higher working","highest_qualification","lower",,,"2014-2025",10.561,8.239,13.232,469,"Average","3-year moving average"
"in23","Highest qualification","trend_moving_average","K02000001","country","United Kingdom","year","2021","seb","Intermediate","highest_qualification","lower",,,"2014-2025",9.446,7.606,11.737,642,"Average","3-year moving average"
"in23","Highest qualification","trend_moving_average","K02000001","country","United Kingdom","year","2021","seb","Lower professional","highest_qualification","lower",,,"2014-2025",3.938,2.737,5.548,613,"Average","3-year moving average"
"in23","Highest qualification","trend_moving_average","K02000001","country","United Kingdom","year","2021","seb","Higher professional","highest_qualification","lower",,,"2014-2025",3.104,2.037,4.726,545,"Average","3-year moving average"
"in23","Highest qualification","trend_moving_average","K02000001","country","United Kingdom","year","2022","seb","Lower working","highest_qualification","lower",,,"2014-2025",18.364,15.509,21.746,414,"Average","3-year moving average"
"in23","Highest qualification","trend_moving_average","K02000001","country","United Kingdom","year","2022","seb","Higher working","highest_qualification","lower",,,"2014-2025",10.386,8.142,13.283,382,"Average","3-year moving average"
"in23","Highest qualification","trend_moving_average","K02000001","country","United Kingdom","year","2022","seb","Intermediate","highest_qualification","lower",,,"2014-2025",7.914,6.133,9.993,550,"Average","3-year moving average"
"in23","Highest qualification","trend_moving_average","K02000001","country","United Kingdom","year","2022","seb","Lower professional","highest_qualification","lower",,,"2014-2025",3.747,2.6,5.335,551,"Average","3-year moving average"
"in23","Highest qualification","trend_moving_average","K02000001","country","United Kingdom","year","2022","seb","Higher professional","highest_qualification","lower",,,"2014-2025",2.916,1.902,4.504,498,"Average","3-year moving average"
"in23","Highest qualification","trend_moving_average","K02000001","country","United Kingdom","year","2023","seb","Lower working","highest_qualification","lower",,,"2014-2025",18.166,15.236,21.378,365,"Average","3-year moving average"
"in23","Highest qualification","trend_moving_average","K02000001","country","United Kingdom","year","2023","seb","Higher working","highest_qualification","lower",,,"2014-2025",9.414,7.175,12.308,311,"Average","3-year moving average"
"in23","Highest qualification","trend_moving_average","K02000001","country","United Kingdom","year","2023","seb","Intermediate","highest_qualification","lower",,,"2014-2025",8.035,6.258,10.194,490,"Average","3-year moving average"
"in23","Highest qualification","trend_moving_average","K02000001","country","United Kingdom","year","2023","seb","Lower professional","highest_qualification","lower",,,"2014-2025",4.313,2.979,6.03,452,"Average","3-year moving average"
"in23","Highest qualification","trend_moving_average","K02000001","country","United Kingdom","year","2023","seb","Higher professional","highest_qualification","lower",,,"2014-2025",2.958,1.879,4.544,426,"Average","3-year moving average"
"in23","Highest qualification","trend_moving_average","K02000001","country","United Kingdom","year","2024","seb","Lower working","highest_qualification","lower",,,"2014-2025",15.118,12.464,18.226,310,"Average","3-year moving average"
"in23","Highest qualification","trend_moving_average","K02000001","country","United Kingdom","year","2024","seb","Higher working","highest_qualification","lower",,,"2014-2025",9.085,6.804,11.886,267,"Average","3-year moving average"
"in23","Highest qualification","trend_moving_average","K02000001","country","United Kingdom","year","2024","seb","Intermediate","highest_qualification","lower",,,"2014-2025",7.024,5.359,9.069,425,"Average","3-year moving average"
"in23","Highest qualification","trend_moving_average","K02000001","country","United Kingdom","year","2024","seb","Lower professional","highest_qualification","lower",,,"2014-2025",5.06,3.618,6.881,394,"Average","3-year moving average"
"in23","Highest qualification","trend_moving_average","K02000001","country","United Kingdom","year","2024","seb","Higher professional","highest_qualification","lower",,,"2014-2025",3.285,2.183,5.06,357,"Average","3-year moving average"
"in23","Highest qualification","trend_moving_average","K02000001","country","United Kingdom","year","2025","seb","Lower working","highest_qualification","lower",,,"2014-2025",14.78,12.243,17.843,340,"Average","3-year moving average"
"in23","Highest qualification","trend_moving_average","K02000001","country","United Kingdom","year","2025","seb","Higher working","highest_qualification","lower",,,"2014-2025",9.44,7.256,12.378,293,"Average","3-year moving average"
"in23","Highest qualification","trend_moving_average","K02000001","country","United Kingdom","year","2025","seb","Intermediate","highest_qualification","lower",,,"2014-2025",7.666,6.026,9.824,466,"Average","3-year moving average"
"in23","Highest qualification","trend_moving_average","K02000001","country","United Kingdom","year","2025","seb","Lower professional","highest_qualification","lower",,,"2014-2025",4.545,3.19,6.25,435,"Average","3-year moving average"
"in23","Highest qualification","trend_moving_average","K02000001","country","United Kingdom","year","2025","seb","Higher professional","highest_qualification","lower",,,"2014-2025",3.345,2.228,5.07,399,"Average","3-year moving average"
"in23","Highest qualification","trend_moving_average","K02000001","country","United Kingdom","year","2016","seb","Total","highest_qualification","lower",,,"2014-2025",12.895,11.827,14.017,3684,"Average","3-year moving average"
"in23","Highest qualification","trend_moving_average","K02000001","country","United Kingdom","year","2017","seb","Total","highest_qualification","lower",,,"2014-2025",12.056,11.049,13.154,3594,"Average","3-year moving average"
"in23","Highest qualification","trend_moving_average","K02000001","country","United Kingdom","year","2018","seb","Total","highest_qualification","lower",,,"2014-2025",11.941,10.922,13.031,3409,"Average","3-year moving average"
"in23","Highest qualification","trend_moving_average","K02000001","country","United Kingdom","year","2019","seb","Total","highest_qualification","lower",,,"2014-2025",11.186,10.21,12.26,3323,"Average","3-year moving average"
"in23","Highest qualification","trend_moving_average","K02000001","country","United Kingdom","year","2020","seb","Total","highest_qualification","lower",,,"2014-2025",10.023,9.091,11.058,2899,"Average","3-year moving average"
"in23","Highest qualification","trend_moving_average","K02000001","country","United Kingdom","year","2021","seb","Total","highest_qualification","lower",,,"2014-2025",8.999,8.094,9.976,2773,"Average","3-year moving average"
"in23","Highest qualification","trend_moving_average","K02000001","country","United Kingdom","year","2022","seb","Total","highest_qualification","lower",,,"2014-2025",8.133,7.258,9.076,2395,"Average","3-year moving average"
"in23","Highest qualification","trend_moving_average","K02000001","country","United Kingdom","year","2023","seb","Total","highest_qualification","lower",,,"2014-2025",8.258,7.373,9.248,2044,"Average","3-year moving average"
"in23","Highest qualification","trend_moving_average","K02000001","country","United Kingdom","year","2024","seb","Total","highest_qualification","lower",,,"2014-2025",7.65,6.781,8.601,1754,"Average","3-year moving average"
"in23","Highest qualification","trend_moving_average","K02000001","country","United Kingdom","year","2025","seb","Total","highest_qualification","lower",,,"2014-2025",7.7,6.851,8.646,1932,"Average","3-year moving average"
"in23","Highest qualification","seb","K02000001","country","United Kingdom","edu","Higher degree","seb","Lower working",,,,,"2025",11.28,8.57,14.622,453,"Percent",
"in23","Highest qualification","seb","K02000001","country","United Kingdom","edu","Higher degree","seb","Higher working",,,,,"2025",11.949,8.941,15.673,386,"Percent",
"in23","Highest qualification","seb","K02000001","country","United Kingdom","edu","Higher degree","seb","Intermediate",,,,,"2025",20.374,17.304,23.773,624,"Percent",
"in23","Highest qualification","seb","K02000001","country","United Kingdom","edu","Higher degree","seb","Lower professional",,,,,"2025",21.668,18.539,25.246,608,"Percent",
"in23","Highest qualification","seb","K02000001","country","United Kingdom","edu","Higher degree","seb","Higher professional",,,,,"2025",25.933,22.417,29.736,575,"Percent",
"in23","Highest qualification","seb","K02000001","country","United Kingdom","edu","First degree","seb","Lower working",,,,,"2025",23.152,19.425,27.396,453,"Percent",
"in23","Highest qualification","seb","K02000001","country","United Kingdom","edu","First degree","seb","Higher working",,,,,"2025",27.668,23.369,32.523,386,"Percent",
"in23","Highest qualification","seb","K02000001","country","United Kingdom","edu","First degree","seb","Intermediate",,,,,"2025",30.74,27.198,34.581,624,"Percent",
"in23","Highest qualification","seb","K02000001","country","United Kingdom","edu","First degree","seb","Lower professional",,,,,"2025",38.346,34.463,42.332,608,"Percent",
"in23","Highest qualification","seb","K02000001","country","United Kingdom","edu","First degree","seb","Higher professional",,,,,"2025",46.05,41.966,50.261,575,"Percent",
"in23","Highest qualification","seb","K02000001","country","United Kingdom","edu","Further education below degree","seb","Lower working",,,,,"2025",7.482,5.327,10.431,453,"Percent",
"in23","Highest qualification","seb","K02000001","country","United Kingdom","edu","Further education below degree","seb","Higher working",,,,,"2025",5.658,3.689,8.63,386,"Percent",
"in23","Highest qualification","seb","K02000001","country","United Kingdom","edu","Further education below degree","seb","Intermediate",,,,,"2025",5.55,3.993,7.792,624,"Percent",
"in23","Highest qualification","seb","K02000001","country","United Kingdom","edu","Further education below degree","seb","Lower professional",,,,,"2025",6.718,4.939,9.113,608,"Percent",
"in23","Highest qualification","seb","K02000001","country","United Kingdom","edu","Further education below degree","seb","Higher professional",,,,,"2025",3.456,2.194,5.415,575,"Percent",
"in23","Highest qualification","seb","K02000001","country","United Kingdom","edu","A level and equivalent","seb","Lower working",,,,,"2025",23.523,19.838,27.859,453,"Percent",
"in23","Highest qualification","seb","K02000001","country","United Kingdom","edu","A level and equivalent","seb","Higher working",,,,,"2025",25.492,21.183,30.094,386,"Percent",
"in23","Highest qualification","seb","K02000001","country","United Kingdom","edu","A level and equivalent","seb","Intermediate",,,,,"2025",21.504,18.357,24.95,624,"Percent",
"in23","Highest qualification","seb","K02000001","country","United Kingdom","edu","A level and equivalent","seb","Lower professional",,,,,"2025",21.241,18.076,24.729,608,"Percent",
"in23","Highest qualification","seb","K02000001","country","United Kingdom","edu","A level and equivalent","seb","Higher professional",,,,,"2025",16.168,13.31,19.499,575,"Percent",
"in23","Highest qualification","seb","K02000001","country","United Kingdom","edu","O level, GCSE and equivalent","seb","Lower working",,,,,"2025",17.188,13.92,21.085,453,"Percent",
"in23","Highest qualification","seb","K02000001","country","United Kingdom","edu","O level, GCSE and equivalent","seb","Higher working",,,,,"2025",17.79,14.258,22.148,386,"Percent",
"in23","Highest qualification","seb","K02000001","country","United Kingdom","edu","O level, GCSE and equivalent","seb","Intermediate",,,,,"2025",11.953,9.625,14.893,624,"Percent",
"in23","Highest qualification","seb","K02000001","country","United Kingdom","edu","O level, GCSE and equivalent","seb","Lower professional",,,,,"2025",8.678,6.654,11.318,608,"Percent",
"in23","Highest qualification","seb","K02000001","country","United Kingdom","edu","O level, GCSE and equivalent","seb","Higher professional",,,,,"2025",5.574,3.897,7.851,575,"Percent",
"in23","Highest qualification","seb","K02000001","country","United Kingdom","edu","Lower level (below CSE grade 1)","seb","Lower working",,,,,"2025",17.375,14.122,21.321,453,"Percent",
"in23","Highest qualification","seb","K02000001","country","United Kingdom","edu","Lower level (below CSE grade 1)","seb","Higher working",,,,,"2025",11.444,8.489,15.1,386,"Percent",
"in23","Highest qualification","seb","K02000001","country","United Kingdom","edu","Lower level (below CSE grade 1)","seb","Intermediate",,,,,"2025",9.879,7.757,12.622,624,"Percent",
"in23","Highest qualification","seb","K02000001","country","United Kingdom","edu","Lower level (below CSE grade 1)","seb","Lower professional",,,,,"2025",3.349,2.074,5.124,608,"Percent",
"in23","Highest qualification","seb","K02000001","country","United Kingdom","edu","Lower level (below CSE grade 1)","seb","Higher professional",,,,,"2025",2.818,1.653,4.578,575,"Percent",
"in23","Highest qualification","seb","K02000001","country","United Kingdom","edu","Higher degree","seb","Total",,,,,"2025",18.974,17.505,20.53,2646,"Percent",
"in23","Highest qualification","seb","K02000001","country","United Kingdom","edu","First degree","seb","Total",,,,,"2025",33.897,32.102,35.745,2646,"Percent",
"in23","Highest qualification","seb","K02000001","country","United Kingdom","edu","Further education below degree","seb","Total",,,,,"2025",5.74,4.903,6.717,2646,"Percent",
"in23","Highest qualification","seb","K02000001","country","United Kingdom","edu","A level and equivalent","seb","Total",,,,,"2025",21.278,19.742,22.897,2646,"Percent",
"in23","Highest qualification","seb","K02000001","country","United Kingdom","edu","O level, GCSE and equivalent","seb","Total",,,,,"2025",11.657,10.455,12.938,2646,"Percent",
"in23","Highest qualification","seb","K02000001","country","United Kingdom","edu","Lower level (below CSE grade 1)","seb","Total",,,,,"2025",8.454,7.446,9.607,2646,"Percent",
"in23","Highest qualification","sex","K02000001","country","United Kingdom","edu","Higher degree","seb","Lower working","sex","Women",,,"2014-2025",6.268,5.512,7.129,3587,"Percent",
"in23","Highest qualification","sex","K02000001","country","United Kingdom","edu","Higher degree","seb","Lower working","sex","Men",,,"2014-2025",5.572,4.788,6.46,3018,"Percent",
"in23","Highest qualification","sex","K02000001","country","United Kingdom","edu","Higher degree","seb","Higher working","sex","Women",,,"2014-2025",9.38,8.407,10.428,3298,"Percent",
"in23","Highest qualification","sex","K02000001","country","United Kingdom","edu","Higher degree","seb","Higher working","sex","Men",,,"2014-2025",8.221,7.266,9.311,2879,"Percent",
"in23","Highest qualification","sex","K02000001","country","United Kingdom","edu","Higher degree","seb","Intermediate","sex","Women",,,"2014-2025",13.503,12.496,14.578,4236,"Percent",
"in23","Highest qualification","sex","K02000001","country","United Kingdom","edu","Higher degree","seb","Intermediate","sex","Men",,,"2014-2025",12.593,11.559,13.703,3772,"Percent",
"in23","Highest qualification","sex","K02000001","country","United Kingdom","edu","Higher degree","seb","Lower professional","sex","Women",,,"2014-2025",20.737,19.455,22.059,3797,"Percent",
"in23","Highest qualification","sex","K02000001","country","United Kingdom","edu","Higher degree","seb","Lower professional","sex","Men",,,"2014-2025",17.175,15.923,18.532,3287,"Percent",
"in23","Highest qualification","sex","K02000001","country","United Kingdom","edu","Higher degree","seb","Higher professional","sex","Women",,,"2014-2025",26.647,25.129,28.22,3205,"Percent",
"in23","Highest qualification","sex","K02000001","country","United Kingdom","edu","Higher degree","seb","Higher professional","sex","Men",,,"2014-2025",22.451,20.944,24.021,2887,"Percent",
"in23","Highest qualification","sex","K02000001","country","United Kingdom","edu","First degree","seb","Lower working","sex","Women",,,"2014-2025",20.703,19.406,22.085,3587,"Percent",
"in23","Highest qualification","sex","K02000001","country","United Kingdom","edu","First degree","seb","Lower working","sex","Men",,,"2014-2025",17.399,16.069,18.806,3018,"Percent",
"in23","Highest qualification","sex","K02000001","country","United Kingdom","edu","First degree","seb","Higher working","sex","Women",,,"2014-2025",28.481,26.942,30.052,3298,"Percent",
"in23","Highest qualification","sex","K02000001","country","United Kingdom","edu","First degree","seb","Higher working","sex","Men",,,"2014-2025",22.132,20.63,23.696,2879,"Percent",
"in23","Highest qualification","sex","K02000001","country","United Kingdom","edu","First degree","seb","Intermediate","sex","Women",,,"2014-2025",33.895,32.478,35.351,4236,"Percent",
"in23","Highest qualification","sex","K02000001","country","United Kingdom","edu","First degree","seb","Intermediate","sex","Men",,,"2014-2025",28.413,26.99,29.894,3772,"Percent",
"in23","Highest qualification","sex","K02000001","country","United Kingdom","edu","First degree","seb","Lower professional","sex","Women",,,"2014-2025",43.043,41.454,44.628,3797,"Percent",
"in23","Highest qualification","sex","K02000001","country","United Kingdom","edu","First degree","seb","Lower professional","sex","Men",,,"2014-2025",35.645,34.021,37.324,3287,"Percent",
"in23","Highest qualification","sex","K02000001","country","United Kingdom","edu","First degree","seb","Higher professional","sex","Women",,,"2014-2025",47.178,45.437,48.923,3205,"Percent",
"in23","Highest qualification","sex","K02000001","country","United Kingdom","edu","First degree","seb","Higher professional","sex","Men",,,"2014-2025",43.076,41.276,44.921,2887,"Percent",
"in23","Highest qualification","sex","K02000001","country","United Kingdom","edu","Further education below degree","seb","Lower working","sex","Women",,,"2014-2025",7.455,6.616,8.363,3587,"Percent",
"in23","Highest qualification","sex","K02000001","country","United Kingdom","edu","Further education below degree","seb","Lower working","sex","Men",,,"2014-2025",6.139,5.313,7.06,3018,"Percent",
"in23","Highest qualification","sex","K02000001","country","United Kingdom","edu","Further education below degree","seb","Higher working","sex","Women",,,"2014-2025",7.828,6.94,8.805,3298,"Percent",
"in23","Highest qualification","sex","K02000001","country","United Kingdom","edu","Further education below degree","seb","Higher working","sex","Men",,,"2014-2025",7.304,6.384,8.32,2879,"Percent",
"in23","Highest qualification","sex","K02000001","country","United Kingdom","edu","Further education below degree","seb","Intermediate","sex","Women",,,"2014-2025",6.856,6.113,7.659,4236,"Percent",
"in23","Highest qualification","sex","K02000001","country","United Kingdom","edu","Further education below degree","seb","Intermediate","sex","Men",,,"2014-2025",7.186,6.391,8.067,3772,"Percent",
"in23","Highest qualification","sex","K02000001","country","United Kingdom","edu","Further education below degree","seb","Lower professional","sex","Women",,,"2014-2025",6.271,5.528,7.098,3797,"Percent",
"in23","Highest qualification","sex","K02000001","country","United Kingdom","edu","Further education below degree","seb","Lower professional","sex","Men",,,"2014-2025",7.55,6.676,8.514,3287,"Percent",
"in23","Highest qualification","sex","K02000001","country","United Kingdom","edu","Further education below degree","seb","Higher professional","sex","Women",,,"2014-2025",5.207,4.479,6.052,3205,"Percent",
"in23","Highest qualification","sex","K02000001","country","United Kingdom","edu","Further education below degree","seb","Higher professional","sex","Men",,,"2014-2025",5.376,4.588,6.271,2887,"Percent",
"in23","Highest qualification","sex","K02000001","country","United Kingdom","edu","A level and equivalent","seb","Lower working","sex","Women",,,"2014-2025",28.367,26.915,29.892,3587,"Percent",
"in23","Highest qualification","sex","K02000001","country","United Kingdom","edu","A level and equivalent","seb","Lower working","sex","Men",,,"2014-2025",29.702,28.069,31.36,3018,"Percent",
"in23","Highest qualification","sex","K02000001","country","United Kingdom","edu","A level and equivalent","seb","Higher working","sex","Women",,,"2014-2025",29.611,28.075,31.221,3298,"Percent",
"in23","Highest qualification","sex","K02000001","country","United Kingdom","edu","A level and equivalent","seb","Higher working","sex","Men",,,"2014-2025",31.11,29.44,32.855,2879,"Percent",
"in23","Highest qualification","sex","K02000001","country","United Kingdom","edu","A level and equivalent","seb","Intermediate","sex","Women",,,"2014-2025",25.646,24.333,26.986,4236,"Percent",
"in23","Highest qualification","sex","K02000001","country","United Kingdom","edu","A level and equivalent","seb","Intermediate","sex","Men",,,"2014-2025",27.453,26.052,28.926,3772,"Percent",
"in23","Highest qualification","sex","K02000001","country","United Kingdom","edu","A level and equivalent","seb","Lower professional","sex","Women",,,"2014-2025",19.02,17.786,20.308,3797,"Percent",
"in23","Highest qualification","sex","K02000001","country","United Kingdom","edu","A level and equivalent","seb","Lower professional","sex","Men",,,"2014-2025",24.174,22.738,25.695,3287,"Percent",
"in23","Highest qualification","sex","K02000001","country","United Kingdom","edu","A level and equivalent","seb","Higher professional","sex","Women",,,"2014-2025",13.896,12.716,15.141,3205,"Percent",
"in23","Highest qualification","sex","K02000001","country","United Kingdom","edu","A level and equivalent","seb","Higher professional","sex","Men",,,"2014-2025",18.814,17.408,20.293,2887,"Percent",
"in23","Highest qualification","sex","K02000001","country","United Kingdom","edu","O level, GCSE and equivalent","seb","Lower working","sex","Women",,,"2014-2025",19.283,18.02,20.63,3587,"Percent",
"in23","Highest qualification","sex","K02000001","country","United Kingdom","edu","O level, GCSE and equivalent","seb","Lower working","sex","Men",,,"2014-2025",18.676,17.321,20.135,3018,"Percent",
"in23","Highest qualification","sex","K02000001","country","United Kingdom","edu","O level, GCSE and equivalent","seb","Higher working","sex","Women",,,"2014-2025",14.912,13.728,16.19,3298,"Percent",
"in23","Highest qualification","sex","K02000001","country","United Kingdom","edu","O level, GCSE and equivalent","seb","Higher working","sex","Men",,,"2014-2025",16.435,15.104,17.845,2879,"Percent",
"in23","Highest qualification","sex","K02000001","country","United Kingdom","edu","O level, GCSE and equivalent","seb","Intermediate","sex","Women",,,"2014-2025",11.509,10.582,12.529,4236,"Percent",
"in23","Highest qualification","sex","K02000001","country","United Kingdom","edu","O level, GCSE and equivalent","seb","Intermediate","sex","Men",,,"2014-2025",12.592,11.559,13.703,3772,"Percent",
"in23","Highest qualification","sex","K02000001","country","United Kingdom","edu","O level, GCSE and equivalent","seb","Lower professional","sex","Women",,,"2014-2025",7.183,6.398,8.069,3797,"Percent",
"in23","Highest qualification","sex","K02000001","country","United Kingdom","edu","O level, GCSE and equivalent","seb","Lower professional","sex","Men",,,"2014-2025",9.497,8.522,10.558,3287,"Percent",
"in23","Highest qualification","sex","K02000001","country","United Kingdom","edu","O level, GCSE and equivalent","seb","Higher professional","sex","Women",,,"2014-2025",4.102,3.441,4.846,3205,"Percent",
"in23","Highest qualification","sex","K02000001","country","United Kingdom","edu","O level, GCSE and equivalent","seb","Higher professional","sex","Men",,,"2014-2025",6.743,5.879,7.747,2887,"Percent",
"in23","Highest qualification","sex","K02000001","country","United Kingdom","edu","Lower level (below CSE grade 1)","seb","Lower working","sex","Women",,,"2014-2025",17.924,16.692,19.229,3587,"Percent",
"in23","Highest qualification","sex","K02000001","country","United Kingdom","edu","Lower level (below CSE grade 1)","seb","Lower working","sex","Men",,,"2014-2025",22.512,21.028,24.039,3018,"Percent",
"in23","Highest qualification","sex","K02000001","country","United Kingdom","edu","Lower level (below CSE grade 1)","seb","Higher working","sex","Women",,,"2014-2025",9.789,8.811,10.871,3298,"Percent",
"in23","Highest qualification","sex","K02000001","country","United Kingdom","edu","Lower level (below CSE grade 1)","seb","Higher working","sex","Men",,,"2014-2025",14.798,13.53,16.159,2879,"Percent",
"in23","Highest qualification","sex","K02000001","country","United Kingdom","edu","Lower level (below CSE grade 1)","seb","Intermediate","sex","Women",,,"2014-2025",8.591,7.775,9.487,4236,"Percent",
"in23","Highest qualification","sex","K02000001","country","United Kingdom","edu","Lower level (below CSE grade 1)","seb","Intermediate","sex","Men",,,"2014-2025",11.764,10.768,12.852,3772,"Percent",
"in23","Highest qualification","sex","K02000001","country","United Kingdom","edu","Lower level (below CSE grade 1)","seb","Lower professional","sex","Women",,,"2014-2025",3.746,3.169,4.406,3797,"Percent",
"in23","Highest qualification","sex","K02000001","country","United Kingdom","edu","Lower level (below CSE grade 1)","seb","Lower professional","sex","Men",,,"2014-2025",5.959,5.189,6.841,3287,"Percent",
"in23","Highest qualification","sex","K02000001","country","United Kingdom","edu","Lower level (below CSE grade 1)","seb","Higher professional","sex","Women",,,"2014-2025",2.971,2.417,3.627,3205,"Percent",
"in23","Highest qualification","sex","K02000001","country","United Kingdom","edu","Lower level (below CSE grade 1)","seb","Higher professional","sex","Men",,,"2014-2025",3.539,2.903,4.29,2887,"Percent",
"in23","Highest qualification","sex","K02000001","country","United Kingdom","edu","Higher degree","seb","Total","sex",,,,"2014-2025",14.354,13.982,14.731,33966,"Percent",
"in23","Highest qualification","sex","K02000001","country","United Kingdom","edu","First degree","seb","Total","sex",,,,"2014-2025",32.166,31.668,32.665,33966,"Percent",
"in23","Highest qualification","sex","K02000001","country","United Kingdom","edu","Further education below degree","seb","Total","sex",,,,"2014-2025",6.727,6.464,7,33966,"Percent",
"in23","Highest qualification","sex","K02000001","country","United Kingdom","edu","A level and equivalent","seb","Total","sex",,,,"2014-2025",24.737,24.279,25.2,33966,"Percent",
"in23","Highest qualification","sex","K02000001","country","United Kingdom","edu","O level, GCSE and equivalent","seb","Total","sex",,,,"2014-2025",11.98,11.637,12.331,33966,"Percent",
"in23","Highest qualification","sex","K02000001","country","United Kingdom","edu","Lower level (below CSE grade 1)","seb","Total","sex",,,,"2014-2025",10.035,9.72,10.362,33966,"Percent",
"in23","Highest qualification","sex_time_comparison","K02000001","country","United Kingdom","edu","Higher degree","seb","Lower working","sex","Women",,,"2014-2019",5.16,4.318,6.139,2386,"Percent",
"in23","Highest qualification","sex_time_comparison","K02000001","country","United Kingdom","edu","Higher degree","seb","Lower working","sex","Men",,,"2014-2019",4.624,3.774,5.694,1960,"Percent",
"in23","Highest qualification","sex_time_comparison","K02000001","country","United Kingdom","edu","Higher degree","seb","Higher working","sex","Women",,,"2014-2019",6.675,5.677,7.79,2238,"Percent",
"in23","Highest qualification","sex_time_comparison","K02000001","country","United Kingdom","edu","Higher degree","seb","Higher working","sex","Men",,,"2014-2019",5.608,4.621,6.736,1915,"Percent",
"in23","Highest qualification","sex_time_comparison","K02000001","country","United Kingdom","edu","Higher degree","seb","Intermediate","sex","Women",,,"2014-2019",10.667,9.518,11.927,2607,"Percent",
"in23","Highest qualification","sex_time_comparison","K02000001","country","United Kingdom","edu","Higher degree","seb","Intermediate","sex","Men",,,"2014-2019",10.006,8.841,11.308,2358,"Percent",
"in23","Highest qualification","sex_time_comparison","K02000001","country","United Kingdom","edu","Higher degree","seb","Lower professional","sex","Women",,,"2014-2019",17.545,15.991,19.205,2212,"Percent",
"in23","Highest qualification","sex_time_comparison","K02000001","country","United Kingdom","edu","Higher degree","seb","Lower professional","sex","Men",,,"2014-2019",15.228,13.683,16.955,1915,"Percent",
"in23","Highest qualification","sex_time_comparison","K02000001","country","United Kingdom","edu","Higher degree","seb","Higher professional","sex","Women",,,"2014-2019",24.987,23.036,27.071,1816,"Percent",
"in23","Highest qualification","sex_time_comparison","K02000001","country","United Kingdom","edu","Higher degree","seb","Higher professional","sex","Men",,,"2014-2019",21.652,19.688,23.803,1587,"Percent",
"in23","Highest qualification","sex_time_comparison","K02000001","country","United Kingdom","edu","First degree","seb","Lower working","sex","Women",,,"2014-2019",17.199,15.703,18.771,2386,"Percent",
"in23","Highest qualification","sex_time_comparison","K02000001","country","United Kingdom","edu","First degree","seb","Lower working","sex","Men",,,"2014-2019",14.8,13.269,16.463,1960,"Percent",
"in23","Highest qualification","sex_time_comparison","K02000001","country","United Kingdom","edu","First degree","seb","Higher working","sex","Women",,,"2014-2019",26.119,24.339,28.022,2238,"Percent",
"in23","Highest qualification","sex_time_comparison","K02000001","country","United Kingdom","edu","First degree","seb","Higher working","sex","Men",,,"2014-2019",20.915,19.151,22.846,1915,"Percent",
"in23","Highest qualification","sex_time_comparison","K02000001","country","United Kingdom","edu","First degree","seb","Intermediate","sex","Women",,,"2014-2019",31.449,29.681,33.282,2607,"Percent",
"in23","Highest qualification","sex_time_comparison","K02000001","country","United Kingdom","edu","First degree","seb","Intermediate","sex","Men",,,"2014-2019",26.244,24.494,28.086,2358,"Percent",
"in23","Highest qualification","sex_time_comparison","K02000001","country","United Kingdom","edu","First degree","seb","Lower professional","sex","Women",,,"2014-2019",41.58,39.531,43.681,2212,"Percent",
"in23","Highest qualification","sex_time_comparison","K02000001","country","United Kingdom","edu","First degree","seb","Lower professional","sex","Men",,,"2014-2019",34.524,32.395,36.702,1915,"Percent",
"in23","Highest qualification","sex_time_comparison","K02000001","country","United Kingdom","edu","First degree","seb","Higher professional","sex","Women",,,"2014-2019",45.583,43.288,47.92,1816,"Percent",
"in23","Highest qualification","sex_time_comparison","K02000001","country","United Kingdom","edu","First degree","seb","Higher professional","sex","Men",,,"2014-2019",41.237,38.781,43.682,1587,"Percent",
"in23","Highest qualification","sex_time_comparison","K02000001","country","United Kingdom","edu","Further education below degree","seb","Lower working","sex","Women",,,"2014-2019",7.551,6.532,8.696,2386,"Percent",
"in23","Highest qualification","sex_time_comparison","K02000001","country","United Kingdom","edu","Further education below degree","seb","Lower working","sex","Men",,,"2014-2019",6.4,5.355,7.574,1960,"Percent",
"in23","Highest qualification","sex_time_comparison","K02000001","country","United Kingdom","edu","Further education below degree","seb","Higher working","sex","Women",,,"2014-2019",7.846,6.799,9.077,2238,"Percent",
"in23","Highest qualification","sex_time_comparison","K02000001","country","United Kingdom","edu","Further education below degree","seb","Higher working","sex","Men",,,"2014-2019",6.493,5.434,7.695,1915,"Percent",
"in23","Highest qualification","sex_time_comparison","K02000001","country","United Kingdom","edu","Further education below degree","seb","Intermediate","sex","Women",,,"2014-2019",7.395,6.442,8.492,2607,"Percent",
"in23","Highest qualification","sex_time_comparison","K02000001","country","United Kingdom","edu","Further education below degree","seb","Intermediate","sex","Men",,,"2014-2019",6.84,5.859,7.94,2358,"Percent",
"in23","Highest qualification","sex_time_comparison","K02000001","country","United Kingdom","edu","Further education below degree","seb","Lower professional","sex","Women",,,"2014-2019",7.832,6.753,9.038,2212,"Percent",
"in23","Highest qualification","sex_time_comparison","K02000001","country","United Kingdom","edu","Further education below degree","seb","Lower professional","sex","Men",,,"2014-2019",8.167,6.979,9.485,1915,"Percent",
"in23","Highest qualification","sex_time_comparison","K02000001","country","United Kingdom","edu","Further education below degree","seb","Higher professional","sex","Women",,,"2014-2019",6.058,5.025,7.28,1816,"Percent",
"in23","Highest qualification","sex_time_comparison","K02000001","country","United Kingdom","edu","Further education below degree","seb","Higher professional","sex","Men",,,"2014-2019",6.295,5.179,7.64,1587,"Percent",
"in23","Highest qualification","sex_time_comparison","K02000001","country","United Kingdom","edu","A level and equivalent","seb","Lower working","sex","Women",,,"2014-2019",30.752,28.923,32.666,2386,"Percent",
"in23","Highest qualification","sex_time_comparison","K02000001","country","United Kingdom","edu","A level and equivalent","seb","Lower working","sex","Men",,,"2014-2019",30.548,28.536,32.663,1960,"Percent",
"in23","Highest qualification","sex_time_comparison","K02000001","country","United Kingdom","edu","A level and equivalent","seb","Higher working","sex","Women",,,"2014-2019",32.876,30.949,34.883,2238,"Percent",
"in23","Highest qualification","sex_time_comparison","K02000001","country","United Kingdom","edu","A level and equivalent","seb","Higher working","sex","Men",,,"2014-2019",34.066,31.933,36.226,1915,"Percent",
"in23","Highest qualification","sex_time_comparison","K02000001","country","United Kingdom","edu","A level and equivalent","seb","Intermediate","sex","Women",,,"2014-2019",27.869,26.18,29.659,2607,"Percent",
"in23","Highest qualification","sex_time_comparison","K02000001","country","United Kingdom","edu","A level and equivalent","seb","Intermediate","sex","Men",,,"2014-2019",29.187,27.357,31.066,2358,"Percent",
"in23","Highest qualification","sex_time_comparison","K02000001","country","United Kingdom","edu","A level and equivalent","seb","Lower professional","sex","Women",,,"2014-2019",20.34,18.696,22.095,2212,"Percent",
"in23","Highest qualification","sex_time_comparison","K02000001","country","United Kingdom","edu","A level and equivalent","seb","Lower professional","sex","Men",,,"2014-2019",26.315,24.37,28.364,1915,"Percent",
"in23","Highest qualification","sex_time_comparison","K02000001","country","United Kingdom","edu","A level and equivalent","seb","Higher professional","sex","Women",,,"2014-2019",15.818,14.172,17.582,1816,"Percent",
"in23","Highest qualification","sex_time_comparison","K02000001","country","United Kingdom","edu","A level and equivalent","seb","Higher professional","sex","Men",,,"2014-2019",19.943,17.99,21.981,1587,"Percent",
"in23","Highest qualification","sex_time_comparison","K02000001","country","United Kingdom","edu","O level, GCSE and equivalent","seb","Lower working","sex","Women",,,"2014-2019",18.994,17.442,20.63,2386,"Percent",
"in23","Highest qualification","sex_time_comparison","K02000001","country","United Kingdom","edu","O level, GCSE and equivalent","seb","Lower working","sex","Men",,,"2014-2019",17.226,15.612,19.007,1960,"Percent",
"in23","Highest qualification","sex_time_comparison","K02000001","country","United Kingdom","edu","O level, GCSE and equivalent","seb","Higher working","sex","Women",,,"2014-2019",14.32,12.888,15.833,2238,"Percent",
"in23","Highest qualification","sex_time_comparison","K02000001","country","United Kingdom","edu","O level, GCSE and equivalent","seb","Higher working","sex","Men",,,"2014-2019",16.615,14.981,18.366,1915,"Percent",
"in23","Highest qualification","sex_time_comparison","K02000001","country","United Kingdom","edu","O level, GCSE and equivalent","seb","Intermediate","sex","Women",,,"2014-2019",11.967,10.759,13.29,2607,"Percent",
"in23","Highest qualification","sex_time_comparison","K02000001","country","United Kingdom","edu","O level, GCSE and equivalent","seb","Intermediate","sex","Men",,,"2014-2019",13.6,12.268,15.079,2358,"Percent",
"in23","Highest qualification","sex_time_comparison","K02000001","country","United Kingdom","edu","O level, GCSE and equivalent","seb","Lower professional","sex","Women",,,"2014-2019",8.039,6.964,9.279,2212,"Percent",
"in23","Highest qualification","sex_time_comparison","K02000001","country","United Kingdom","edu","O level, GCSE and equivalent","seb","Lower professional","sex","Men",,,"2014-2019",9.194,7.953,10.595,1915,"Percent",
"in23","Highest qualification","sex_time_comparison","K02000001","country","United Kingdom","edu","O level, GCSE and equivalent","seb","Higher professional","sex","Women",,,"2014-2019",4.433,3.578,5.54,1816,"Percent",
"in23","Highest qualification","sex_time_comparison","K02000001","country","United Kingdom","edu","O level, GCSE and equivalent","seb","Higher professional","sex","Men",,,"2014-2019",7.169,5.985,8.594,1587,"Percent",
"in23","Highest qualification","sex_time_comparison","K02000001","country","United Kingdom","edu","Lower level (below CSE grade 1)","seb","Lower working","sex","Women",,,"2014-2019",20.345,18.74,22.01,2386,"Percent",
"in23","Highest qualification","sex_time_comparison","K02000001","country","United Kingdom","edu","Lower level (below CSE grade 1)","seb","Lower working","sex","Men",,,"2014-2019",26.402,24.449,28.399,1960,"Percent",
"in23","Highest qualification","sex_time_comparison","K02000001","country","United Kingdom","edu","Lower level (below CSE grade 1)","seb","Higher working","sex","Women",,,"2014-2019",12.163,10.843,13.596,2238,"Percent",
"in23","Highest qualification","sex_time_comparison","K02000001","country","United Kingdom","edu","Lower level (below CSE grade 1)","seb","Higher working","sex","Men",,,"2014-2019",16.303,14.681,18.041,1915,"Percent",
"in23","Highest qualification","sex_time_comparison","K02000001","country","United Kingdom","edu","Lower level (below CSE grade 1)","seb","Intermediate","sex","Women",,,"2014-2019",10.654,9.518,11.927,2607,"Percent",
"in23","Highest qualification","sex_time_comparison","K02000001","country","United Kingdom","edu","Lower level (below CSE grade 1)","seb","Intermediate","sex","Men",,,"2014-2019",14.123,12.755,15.608,2358,"Percent",
"in23","Highest qualification","sex_time_comparison","K02000001","country","United Kingdom","edu","Lower level (below CSE grade 1)","seb","Lower professional","sex","Women",,,"2014-2019",4.665,3.834,5.64,2212,"Percent",
"in23","Highest qualification","sex_time_comparison","K02000001","country","United Kingdom","edu","Lower level (below CSE grade 1)","seb","Lower professional","sex","Men",,,"2014-2019",6.572,5.53,7.807,1915,"Percent",
"in23","Highest qualification","sex_time_comparison","K02000001","country","United Kingdom","edu","Lower level (below CSE grade 1)","seb","Higher professional","sex","Women",,,"2014-2019",3.121,2.406,4.076,1816,"Percent",
"in23","Highest qualification","sex_time_comparison","K02000001","country","United Kingdom","edu","Lower level (below CSE grade 1)","seb","Higher professional","sex","Men",,,"2014-2019",3.704,2.865,4.801,1587,"Percent",
"in23","Highest qualification","sex_time_comparison","K02000001","country","United Kingdom","edu","Higher degree","seb","Total","sex",,,,"2014-2019",11.869,11.437,12.317,20994,"Percent",
"in23","Highest qualification","sex_time_comparison","K02000001","country","United Kingdom","edu","First degree","seb","Total","sex",,,,"2014-2019",29.564,28.95,30.189,20994,"Percent",
"in23","Highest qualification","sex_time_comparison","K02000001","country","United Kingdom","edu","Further education below degree","seb","Total","sex",,,,"2014-2019",7.116,6.774,7.474,20994,"Percent",
"in23","Highest qualification","sex_time_comparison","K02000001","country","United Kingdom","edu","A level and equivalent","seb","Total","sex",,,,"2014-2019",27.053,26.456,27.663,20994,"Percent",
"in23","Highest qualification","sex_time_comparison","K02000001","country","United Kingdom","edu","O level, GCSE and equivalent","seb","Total","sex",,,,"2014-2019",12.348,11.906,12.801,20994,"Percent",
"in23","Highest qualification","sex_time_comparison","K02000001","country","United Kingdom","edu","Lower level (below CSE grade 1)","seb","Total","sex",,,,"2014-2019",12.051,11.615,12.501,20994,"Percent",
"in23","Highest qualification","sex_time_comparison","K02000001","country","United Kingdom","edu","Higher degree","seb","Lower working","sex","Women",,,"2020-2025",7.579,6.174,9.258,1201,"Percent",
"in23","Highest qualification","sex_time_comparison","K02000001","country","United Kingdom","edu","Higher degree","seb","Lower working","sex","Men",,,"2020-2025",6.655,5.228,8.328,1058,"Percent",
"in23","Highest qualification","sex_time_comparison","K02000001","country","United Kingdom","edu","Higher degree","seb","Higher working","sex","Women",,,"2020-2025",12.89,10.994,15.129,1060,"Percent",
"in23","Highest qualification","sex_time_comparison","K02000001","country","United Kingdom","edu","Higher degree","seb","Higher working","sex","Men",,,"2020-2025",11.443,9.507,13.628,964,"Percent",
"in23","Highest qualification","sex_time_comparison","K02000001","country","United Kingdom","edu","Higher degree","seb","Intermediate","sex","Women",,,"2020-2025",16.462,14.701,18.363,1629,"Percent",
"in23","Highest qualification","sex_time_comparison","K02000001","country","United Kingdom","edu","Higher degree","seb","Intermediate","sex","Men",,,"2020-2025",15.451,13.595,17.43,1414,"Percent",
"in23","Highest qualification","sex_time_comparison","K02000001","country","United Kingdom","edu","Higher degree","seb","Lower professional","sex","Women",,,"2020-2025",23.679,21.602,25.846,1585,"Percent",
"in23","Highest qualification","sex_time_comparison","K02000001","country","United Kingdom","edu","Higher degree","seb","Lower professional","sex","Men",,,"2020-2025",19.009,16.999,21.223,1372,"Percent",
"in23","Highest qualification","sex_time_comparison","K02000001","country","United Kingdom","edu","Higher degree","seb","Higher professional","sex","Women",,,"2020-2025",28.104,25.742,30.536,1389,"Percent",
"in23","Highest qualification","sex_time_comparison","K02000001","country","United Kingdom","edu","Higher degree","seb","Higher professional","sex","Men",,,"2020-2025",23.141,20.905,25.564,1300,"Percent",
"in23","Highest qualification","sex_time_comparison","K02000001","country","United Kingdom","edu","First degree","seb","Lower working","sex","Women",,,"2020-2025",24.85,22.413,27.376,1201,"Percent",
"in23","Highest qualification","sex_time_comparison","K02000001","country","United Kingdom","edu","First degree","seb","Lower working","sex","Men",,,"2020-2025",20.369,18.051,22.999,1058,"Percent",
"in23","Highest qualification","sex_time_comparison","K02000001","country","United Kingdom","edu","First degree","seb","Higher working","sex","Women",,,"2020-2025",31.546,28.738,34.417,1060,"Percent",
"in23","Highest qualification","sex_time_comparison","K02000001","country","United Kingdom","edu","First degree","seb","Higher working","sex","Men",,,"2020-2025",23.632,21.027,26.489,964,"Percent",
"in23","Highest qualification","sex_time_comparison","K02000001","country","United Kingdom","edu","First degree","seb","Intermediate","sex","Women",,,"2020-2025",36.447,34.131,38.862,1629,"Percent",
"in23","Highest qualification","sex_time_comparison","K02000001","country","United Kingdom","edu","First degree","seb","Intermediate","sex","Men",,,"2020-2025",30.811,28.448,33.327,1414,"Percent",
"in23","Highest qualification","sex_time_comparison","K02000001","country","United Kingdom","edu","First degree","seb","Lower professional","sex","Women",,,"2020-2025",44.392,41.955,46.905,1585,"Percent",
"in23","Highest qualification","sex_time_comparison","K02000001","country","United Kingdom","edu","First degree","seb","Lower professional","sex","Men",,,"2020-2025",36.702,34.188,39.356,1372,"Percent",
"in23","Highest qualification","sex_time_comparison","K02000001","country","United Kingdom","edu","First degree","seb","Higher professional","sex","Women",,,"2020-2025",48.576,45.939,51.261,1389,"Percent",
"in23","Highest qualification","sex_time_comparison","K02000001","country","United Kingdom","edu","First degree","seb","Higher professional","sex","Men",,,"2020-2025",44.662,41.971,47.445,1300,"Percent",
"in23","Highest qualification","sex_time_comparison","K02000001","country","United Kingdom","edu","Further education below degree","seb","Lower working","sex","Women",,,"2020-2025",7.341,5.948,8.986,1201,"Percent",
"in23","Highest qualification","sex_time_comparison","K02000001","country","United Kingdom","edu","Further education below degree","seb","Lower working","sex","Men",,,"2020-2025",5.841,4.556,7.494,1058,"Percent",
"in23","Highest qualification","sex_time_comparison","K02000001","country","United Kingdom","edu","Further education below degree","seb","Higher working","sex","Women",,,"2020-2025",7.804,6.318,9.655,1060,"Percent",
"in23","Highest qualification","sex_time_comparison","K02000001","country","United Kingdom","edu","Further education below degree","seb","Higher working","sex","Men",,,"2020-2025",8.304,6.672,10.267,964,"Percent",
"in23","Highest qualification","sex_time_comparison","K02000001","country","United Kingdom","edu","Further education below degree","seb","Intermediate","sex","Women",,,"2020-2025",6.294,5.213,7.644,1629,"Percent",
"in23","Highest qualification","sex_time_comparison","K02000001","country","United Kingdom","edu","Further education below degree","seb","Intermediate","sex","Men",,,"2020-2025",7.569,6.268,9.102,1414,"Percent",
"in23","Highest qualification","sex_time_comparison","K02000001","country","United Kingdom","edu","Further education below degree","seb","Lower professional","sex","Women",,,"2020-2025",4.832,3.876,6.065,1585,"Percent",
"in23","Highest qualification","sex_time_comparison","K02000001","country","United Kingdom","edu","Further education below degree","seb","Lower professional","sex","Men",,,"2020-2025",6.968,5.731,8.51,1372,"Percent",
"in23","Highest qualification","sex_time_comparison","K02000001","country","United Kingdom","edu","Further education below degree","seb","Higher professional","sex","Women",,,"2020-2025",4.46,3.466,5.721,1389,"Percent",
"in23","Highest qualification","sex_time_comparison","K02000001","country","United Kingdom","edu","Further education below degree","seb","Higher professional","sex","Men",,,"2020-2025",4.583,3.569,5.939,1300,"Percent",
"in23","Highest qualification","sex_time_comparison","K02000001","country","United Kingdom","edu","A level and equivalent","seb","Lower working","sex","Women",,,"2020-2025",25.544,23.135,28.147,1201,"Percent",
"in23","Highest qualification","sex_time_comparison","K02000001","country","United Kingdom","edu","A level and equivalent","seb","Lower working","sex","Men",,,"2020-2025",28.735,26.042,31.582,1058,"Percent",
"in23","Highest qualification","sex_time_comparison","K02000001","country","United Kingdom","edu","A level and equivalent","seb","Higher working","sex","Women",,,"2020-2025",25.373,22.804,28.131,1060,"Percent",
"in23","Highest qualification","sex_time_comparison","K02000001","country","United Kingdom","edu","A level and equivalent","seb","Higher working","sex","Men",,,"2020-2025",27.466,24.715,30.446,964,"Percent",
"in23","Highest qualification","sex_time_comparison","K02000001","country","United Kingdom","edu","A level and equivalent","seb","Intermediate","sex","Women",,,"2020-2025",23.327,21.308,25.474,1629,"Percent",
"in23","Highest qualification","sex_time_comparison","K02000001","country","United Kingdom","edu","A level and equivalent","seb","Intermediate","sex","Men",,,"2020-2025",25.535,23.292,27.904,1414,"Percent",
"in23","Highest qualification","sex_time_comparison","K02000001","country","United Kingdom","edu","A level and equivalent","seb","Lower professional","sex","Women",,,"2020-2025",17.803,15.957,19.785,1585,"Percent",
"in23","Highest qualification","sex_time_comparison","K02000001","country","United Kingdom","edu","A level and equivalent","seb","Lower professional","sex","Men",,,"2020-2025",22.157,20.004,24.469,1372,"Percent",
"in23","Highest qualification","sex_time_comparison","K02000001","country","United Kingdom","edu","A level and equivalent","seb","Higher professional","sex","Women",,,"2020-2025",12.209,10.585,14.106,1389,"Percent",
"in23","Highest qualification","sex_time_comparison","K02000001","country","United Kingdom","edu","A level and equivalent","seb","Higher professional","sex","Men",,,"2020-2025",17.841,15.824,20.062,1300,"Percent",
"in23","Highest qualification","sex_time_comparison","K02000001","country","United Kingdom","edu","O level, GCSE and equivalent","seb","Lower working","sex","Women",,,"2020-2025",19.626,17.462,22.036,1201,"Percent",
"in23","Highest qualification","sex_time_comparison","K02000001","country","United Kingdom","edu","O level, GCSE and equivalent","seb","Lower working","sex","Men",,,"2020-2025",20.334,17.961,22.901,1058,"Percent",
"in23","Highest qualification","sex_time_comparison","K02000001","country","United Kingdom","edu","O level, GCSE and equivalent","seb","Higher working","sex","Women",,,"2020-2025",15.68,13.553,18.021,1060,"Percent",
"in23","Highest qualification","sex_time_comparison","K02000001","country","United Kingdom","edu","O level, GCSE and equivalent","seb","Higher working","sex","Men",,,"2020-2025",16.214,13.944,18.696,964,"Percent",
"in23","Highest qualification","sex_time_comparison","K02000001","country","United Kingdom","edu","O level, GCSE and equivalent","seb","Intermediate","sex","Women",,,"2020-2025",11.032,9.589,12.697,1629,"Percent",
"in23","Highest qualification","sex_time_comparison","K02000001","country","United Kingdom","edu","O level, GCSE and equivalent","seb","Intermediate","sex","Men",,,"2020-2025",11.478,9.867,13.26,1414,"Percent",
"in23","Highest qualification","sex_time_comparison","K02000001","country","United Kingdom","edu","O level, GCSE and equivalent","seb","Lower professional","sex","Women",,,"2020-2025",6.394,5.243,7.718,1585,"Percent",
"in23","Highest qualification","sex_time_comparison","K02000001","country","United Kingdom","edu","O level, GCSE and equivalent","seb","Lower professional","sex","Men",,,"2020-2025",9.783,8.273,11.491,1372,"Percent",
"in23","Highest qualification","sex_time_comparison","K02000001","country","United Kingdom","edu","O level, GCSE and equivalent","seb","Higher professional","sex","Women",,,"2020-2025",3.811,2.898,4.998,1389,"Percent",
"in23","Highest qualification","sex_time_comparison","K02000001","country","United Kingdom","edu","O level, GCSE and equivalent","seb","Higher professional","sex","Men",,,"2020-2025",6.376,5.145,7.888,1300,"Percent",
"in23","Highest qualification","sex_time_comparison","K02000001","country","United Kingdom","edu","Lower level (below CSE grade 1)","seb","Lower working","sex","Women",,,"2020-2025",15.06,13.12,17.249,1201,"Percent",
"in23","Highest qualification","sex_time_comparison","K02000001","country","United Kingdom","edu","Lower level (below CSE grade 1)","seb","Lower working","sex","Men",,,"2020-2025",18.066,15.807,20.534,1058,"Percent",
"in23","Highest qualification","sex_time_comparison","K02000001","country","United Kingdom","edu","Lower level (below CSE grade 1)","seb","Higher working","sex","Women",,,"2020-2025",6.707,5.302,8.417,1060,"Percent",
"in23","Highest qualification","sex_time_comparison","K02000001","country","United Kingdom","edu","Lower level (below CSE grade 1)","seb","Higher working","sex","Men",,,"2020-2025",12.941,10.944,15.291,964,"Percent",
"in23","Highest qualification","sex_time_comparison","K02000001","country","United Kingdom","edu","Lower level (below CSE grade 1)","seb","Intermediate","sex","Women",,,"2020-2025",6.439,5.325,7.777,1629,"Percent",
"in23","Highest qualification","sex_time_comparison","K02000001","country","United Kingdom","edu","Lower level (below CSE grade 1)","seb","Intermediate","sex","Men",,,"2020-2025",9.155,7.698,10.775,1414,"Percent",
"in23","Highest qualification","sex_time_comparison","K02000001","country","United Kingdom","edu","Lower level (below CSE grade 1)","seb","Lower professional","sex","Women",,,"2020-2025",2.9,2.156,3.885,1585,"Percent",
"in23","Highest qualification","sex_time_comparison","K02000001","country","United Kingdom","edu","Lower level (below CSE grade 1)","seb","Lower professional","sex","Men",,,"2020-2025",5.381,4.285,6.758,1372,"Percent",
"in23","Highest qualification","sex_time_comparison","K02000001","country","United Kingdom","edu","Lower level (below CSE grade 1)","seb","Higher professional","sex","Women",,,"2020-2025",2.84,2.03,3.856,1389,"Percent",
"in23","Highest qualification","sex_time_comparison","K02000001","country","United Kingdom","edu","Lower level (below CSE grade 1)","seb","Higher professional","sex","Men",,,"2020-2025",3.396,2.498,4.557,1300,"Percent",
"in23","Highest qualification","sex_time_comparison","K02000001","country","United Kingdom","edu","Higher degree","seb","Total","sex",,,,"2020-2025",16.954,16.312,17.611,12972,"Percent",
"in23","Highest qualification","sex_time_comparison","K02000001","country","United Kingdom","edu","First degree","seb","Total","sex",,,,"2020-2025",34.888,34.071,35.719,12972,"Percent",
"in23","Highest qualification","sex_time_comparison","K02000001","country","United Kingdom","edu","Further education below degree","seb","Total","sex",,,,"2020-2025",6.321,5.912,6.757,12972,"Percent",
"in23","Highest qualification","sex_time_comparison","K02000001","country","United Kingdom","edu","A level and equivalent","seb","Total","sex",,,,"2020-2025",22.314,21.605,23.046,12972,"Percent",
"in23","Highest qualification","sex_time_comparison","K02000001","country","United Kingdom","edu","O level, GCSE and equivalent","seb","Total","sex",,,,"2020-2025",11.596,11.051,12.16,12972,"Percent",
"in23","Highest qualification","sex_time_comparison","K02000001","country","United Kingdom","edu","Lower level (below CSE grade 1)","seb","Total","sex",,,,"2020-2025",7.926,7.469,8.406,12972,"Percent",
"in23","Highest qualification","ethnicity","K02000001","country","United Kingdom","edu",,"seb","Lower working","ethnicity","White British",,,"2014-2025",19.079,17.92,20.294,,"Percent",
"in23","Highest qualification","ethnicity","K02000001","country","United Kingdom","edu",,"seb","Higher professional","ethnicity","White British",,,"2014-2025",63.084,61.492,64.649,,"Percent",
"in23","Highest qualification","ethnicity","K02000001","country","United Kingdom","edu",,"seb","Lower working","ethnicity","Bangladeshi",,,"2014-2025",38.4,31.509,45.79,,"Percent",
"in23","Highest qualification","ethnicity","K02000001","country","United Kingdom","edu",,"seb","Higher professional","ethnicity","Bangladeshi",,,"2014-2025",81.878,76.89,85.986,,"Percent",
"in23","Highest qualification","ethnicity","K02000001","country","United Kingdom","edu",,"seb","Lower working","ethnicity","Black African",,,"2014-2025",34.971,29.777,40.547,,"Percent",
"in23","Highest qualification","ethnicity","K02000001","country","United Kingdom","edu",,"seb","Higher professional","ethnicity","Black African",,,"2014-2025",79.582,75.451,83.173,,"Percent",
"in23","Highest qualification","ethnicity","K02000001","country","United Kingdom","edu",,"seb","Lower working","ethnicity","Black Caribbean",,,"2014-2025",18.87,14.715,23.869,,"Percent",
"in23","Highest qualification","ethnicity","K02000001","country","United Kingdom","edu",,"seb","Higher professional","ethnicity","Black Caribbean",,,"2014-2025",62.767,55.594,69.42,,"Percent",
"in23","Highest qualification","ethnicity","K02000001","country","United Kingdom","edu",,"seb","Lower working","ethnicity","Chinese",,,"2014-2025",62.421,53.142,70.87,,"Percent",
"in23","Highest qualification","ethnicity","K02000001","country","United Kingdom","edu",,"seb","Higher professional","ethnicity","Chinese",,,"2014-2025",92.331,89.163,94.628,,"Percent",
"in23","Highest qualification","ethnicity","K02000001","country","United Kingdom","edu",,"seb","Lower working","ethnicity","Indian",,,"2014-2025",49.541,44.534,54.558,,"Percent",
"in23","Highest qualification","ethnicity","K02000001","country","United Kingdom","edu",,"seb","Higher professional","ethnicity","Indian",,,"2014-2025",87.679,85.345,89.686,,"Percent",
"in23","Highest qualification","ethnicity","K02000001","country","United Kingdom","edu",,"seb","Lower working","ethnicity","Mixed",,,"2014-2025",27.878,24.032,32.078,,"Percent",
"in23","Highest qualification","ethnicity","K02000001","country","United Kingdom","edu",,"seb","Higher professional","ethnicity","Mixed",,,"2014-2025",73.695,69.689,77.344,,"Percent",
"in23","Highest qualification","ethnicity","K02000001","country","United Kingdom","edu",,"seb","Lower working","ethnicity","Other",,,"2014-2025",32.652,28.91,36.628,,"Percent",
"in23","Highest qualification","ethnicity","K02000001","country","United Kingdom","edu",,"seb","Higher professional","ethnicity","Other",,,"2014-2025",77.846,74.74,80.669,,"Percent",
"in23","Highest qualification","ethnicity","K02000001","country","United Kingdom","edu",,"seb","Lower working","ethnicity","Pakistani",,,"2014-2025",29.851,25.789,34.256,,"Percent",
"in23","Highest qualification","ethnicity","K02000001","country","United Kingdom","edu",,"seb","Higher professional","ethnicity","Pakistani",,,"2014-2025",75.515,71.589,79.058,,"Percent",
"in23","Highest qualification","ethnicity","K02000001","country","United Kingdom","edu",,"seb","Lower working","ethnicity","White other",,,"2014-2025",27.129,24.871,29.51,,"Percent",
"in23","Highest qualification","ethnicity","K02000001","country","United Kingdom","edu",,"seb","Higher professional","ethnicity","White other",,,"2014-2025",72.96,70.645,75.158,,"Percent",
"in23","Highest qualification","disability","K02000001","country","United Kingdom","edu","Higher degree","seb","Lower working","disability","Yes",,,"2014-2025",3.293,2.461,4.374,1459,"Percent",
"in23","Highest qualification","disability","K02000001","country","United Kingdom","edu","Higher degree","seb","Lower working","disability","No",,,"2014-2025",6.738,6.079,7.474,5116,"Percent",
"in23","Highest qualification","disability","K02000001","country","United Kingdom","edu","Higher degree","seb","Higher working","disability","Yes",,,"2014-2025",4.204,3.033,5.689,959,"Percent",
"in23","Highest qualification","disability","K02000001","country","United Kingdom","edu","Higher degree","seb","Higher working","disability","No",,,"2014-2025",9.657,8.882,10.509,5194,"Percent",
"in23","Highest qualification","disability","K02000001","country","United Kingdom","edu","Higher degree","seb","Intermediate","disability","Yes",,,"2014-2025",11.343,9.643,13.339,1188,"Percent",
"in23","Highest qualification","disability","K02000001","country","United Kingdom","edu","Higher degree","seb","Intermediate","disability","No",,,"2014-2025",13.356,12.566,14.2,6788,"Percent",
"in23","Highest qualification","disability","K02000001","country","United Kingdom","edu","Higher degree","seb","Lower professional","disability","Yes",,,"2014-2025",16.709,14.509,19.177,1023,"Percent",
"in23","Highest qualification","disability","K02000001","country","United Kingdom","edu","Higher degree","seb","Lower professional","disability","No",,,"2014-2025",19.388,18.403,20.415,6029,"Percent",
"in23","Highest qualification","disability","K02000001","country","United Kingdom","edu","Higher degree","seb","Higher professional","disability","Yes",,,"2014-2025",22.034,19.218,25.137,785,"Percent",
"in23","Highest qualification","disability","K02000001","country","United Kingdom","edu","Higher degree","seb","Higher professional","disability","No",,,"2014-2025",24.888,23.73,26.08,5284,"Percent",
"in23","Highest qualification","disability","K02000001","country","United Kingdom","edu","First degree","seb","Lower working","disability","Yes",,,"2014-2025",12.697,11.038,14.522,1459,"Percent",
"in23","Highest qualification","disability","K02000001","country","United Kingdom","edu","First degree","seb","Lower working","disability","No",,,"2014-2025",21.055,19.947,22.2,5116,"Percent",
"in23","Highest qualification","disability","K02000001","country","United Kingdom","edu","First degree","seb","Higher working","disability","Yes",,,"2014-2025",20.489,17.957,23.16,959,"Percent",
"in23","Highest qualification","disability","K02000001","country","United Kingdom","edu","First degree","seb","Higher working","disability","No",,,"2014-2025",26.219,25.035,27.446,5194,"Percent",
"in23","Highest qualification","disability","K02000001","country","United Kingdom","edu","First degree","seb","Intermediate","disability","Yes",,,"2014-2025",22.938,20.636,25.5,1188,"Percent",
"in23","Highest qualification","disability","K02000001","country","United Kingdom","edu","First degree","seb","Intermediate","disability","No",,,"2014-2025",32.656,31.548,33.793,6788,"Percent",
"in23","Highest qualification","disability","K02000001","country","United Kingdom","edu","First degree","seb","Lower professional","disability","Yes",,,"2014-2025",31.052,28.277,34.038,1023,"Percent",
"in23","Highest qualification","disability","K02000001","country","United Kingdom","edu","First degree","seb","Lower professional","disability","No",,,"2014-2025",40.805,39.56,42.057,6029,"Percent",
"in23","Highest qualification","disability","K02000001","country","United Kingdom","edu","First degree","seb","Higher professional","disability","Yes",,,"2014-2025",36.198,32.83,39.664,785,"Percent",
"in23","Highest qualification","disability","K02000001","country","United Kingdom","edu","First degree","seb","Higher professional","disability","No",,,"2014-2025",46.454,45.11,47.817,5284,"Percent",
"in23","Highest qualification","disability","K02000001","country","United Kingdom","edu","Further education below degree","seb","Lower working","disability","Yes",,,"2014-2025",6.656,5.449,8.081,1459,"Percent",
"in23","Highest qualification","disability","K02000001","country","United Kingdom","edu","Further education below degree","seb","Lower working","disability","No",,,"2014-2025",6.88,6.209,7.617,5116,"Percent",
"in23","Highest qualification","disability","K02000001","country","United Kingdom","edu","Further education below degree","seb","Higher working","disability","Yes",,,"2014-2025",6.566,5.122,8.375,959,"Percent",
"in23","Highest qualification","disability","K02000001","country","United Kingdom","edu","Further education below degree","seb","Higher working","disability","No",,,"2014-2025",7.772,7.071,8.548,5194,"Percent",
"in23","Highest qualification","disability","K02000001","country","United Kingdom","edu","Further education below degree","seb","Intermediate","disability","Yes",,,"2014-2025",6.956,5.633,8.625,1188,"Percent",
"in23","Highest qualification","disability","K02000001","country","United Kingdom","edu","Further education below degree","seb","Intermediate","disability","No",,,"2014-2025",6.979,6.394,7.622,6788,"Percent",
"in23","Highest qualification","disability","K02000001","country","United Kingdom","edu","Further education below degree","seb","Lower professional","disability","Yes",,,"2014-2025",6.876,5.408,8.61,1023,"Percent",
"in23","Highest qualification","disability","K02000001","country","United Kingdom","edu","Further education below degree","seb","Lower professional","disability","No",,,"2014-2025",6.91,6.295,7.594,6029,"Percent",
"in23","Highest qualification","disability","K02000001","country","United Kingdom","edu","Further education below degree","seb","Higher professional","disability","Yes",,,"2014-2025",6.868,5.254,8.938,785,"Percent",
"in23","Highest qualification","disability","K02000001","country","United Kingdom","edu","Further education below degree","seb","Higher professional","disability","No",,,"2014-2025",5.046,4.485,5.687,5284,"Percent",
"in23","Highest qualification","disability","K02000001","country","United Kingdom","edu","A level and equivalent","seb","Lower working","disability","Yes",,,"2014-2025",25.622,23.426,27.971,1459,"Percent",
"in23","Highest qualification","disability","K02000001","country","United Kingdom","edu","A level and equivalent","seb","Lower working","disability","No",,,"2014-2025",30.132,28.889,31.423,5116,"Percent",
"in23","Highest qualification","disability","K02000001","country","United Kingdom","edu","A level and equivalent","seb","Higher working","disability","Yes",,,"2014-2025",28.111,25.349,31.137,959,"Percent",
"in23","Highest qualification","disability","K02000001","country","United Kingdom","edu","A level and equivalent","seb","Higher working","disability","No",,,"2014-2025",30.846,29.592,32.123,5194,"Percent",
"in23","Highest qualification","disability","K02000001","country","United Kingdom","edu","A level and equivalent","seb","Intermediate","disability","Yes",,,"2014-2025",27.849,25.346,30.523,1188,"Percent",
"in23","Highest qualification","disability","K02000001","country","United Kingdom","edu","A level and equivalent","seb","Intermediate","disability","No",,,"2014-2025",26.399,25.357,27.469,6788,"Percent",
"in23","Highest qualification","disability","K02000001","country","United Kingdom","edu","A level and equivalent","seb","Lower professional","disability","Yes",,,"2014-2025",23.452,20.919,26.204,1023,"Percent",
"in23","Highest qualification","disability","K02000001","country","United Kingdom","edu","A level and equivalent","seb","Lower professional","disability","No",,,"2014-2025",21.29,20.274,22.357,6029,"Percent",
"in23","Highest qualification","disability","K02000001","country","United Kingdom","edu","A level and equivalent","seb","Higher professional","disability","Yes",,,"2014-2025",20.518,17.772,23.541,785,"Percent",
"in23","Highest qualification","disability","K02000001","country","United Kingdom","edu","A level and equivalent","seb","Higher professional","disability","No",,,"2014-2025",15.766,14.798,16.782,5284,"Percent",
"in23","Highest qualification","disability","K02000001","country","United Kingdom","edu","O level, GCSE and equivalent","seb","Lower working","disability","Yes",,,"2014-2025",24.745,22.564,27.057,1459,"Percent",
"in23","Highest qualification","disability","K02000001","country","United Kingdom","edu","O level, GCSE and equivalent","seb","Lower working","disability","No",,,"2014-2025",17.157,16.144,18.23,5116,"Percent",
"in23","Highest qualification","disability","K02000001","country","United Kingdom","edu","O level, GCSE and equivalent","seb","Higher working","disability","Yes",,,"2014-2025",21.366,18.849,24.137,959,"Percent",
"in23","Highest qualification","disability","K02000001","country","United Kingdom","edu","O level, GCSE and equivalent","seb","Higher working","disability","No",,,"2014-2025",14.52,13.576,15.511,5194,"Percent",
"in23","Highest qualification","disability","K02000001","country","United Kingdom","edu","O level, GCSE and equivalent","seb","Intermediate","disability","Yes",,,"2014-2025",17.864,15.733,20.169,1188,"Percent",
"in23","Highest qualification","disability","K02000001","country","United Kingdom","edu","O level, GCSE and equivalent","seb","Intermediate","disability","No",,,"2014-2025",10.979,10.246,11.749,6788,"Percent",
"in23","Highest qualification","disability","K02000001","country","United Kingdom","edu","O level, GCSE and equivalent","seb","Lower professional","disability","Yes",,,"2014-2025",13.06,11.123,15.357,1023,"Percent",
"in23","Highest qualification","disability","K02000001","country","United Kingdom","edu","O level, GCSE and equivalent","seb","Lower professional","disability","No",,,"2014-2025",7.483,6.835,8.181,6029,"Percent",
"in23","Highest qualification","disability","K02000001","country","United Kingdom","edu","O level, GCSE and equivalent","seb","Higher professional","disability","Yes",,,"2014-2025",8.228,6.493,10.487,785,"Percent",
"in23","Highest qualification","disability","K02000001","country","United Kingdom","edu","O level, GCSE and equivalent","seb","Higher professional","disability","No",,,"2014-2025",5.02,4.45,5.647,5284,"Percent",
"in23","Highest qualification","disability","K02000001","country","United Kingdom","edu","Lower level (below CSE grade 1)","seb","Lower working","disability","Yes",,,"2014-2025",26.987,24.756,29.376,1459,"Percent",
"in23","Highest qualification","disability","K02000001","country","United Kingdom","edu","Lower level (below CSE grade 1)","seb","Lower working","disability","No",,,"2014-2025",18.038,17.002,19.129,5116,"Percent",
"in23","Highest qualification","disability","K02000001","country","United Kingdom","edu","Lower level (below CSE grade 1)","seb","Higher working","disability","Yes",,,"2014-2025",19.265,16.869,21.963,959,"Percent",
"in23","Highest qualification","disability","K02000001","country","United Kingdom","edu","Lower level (below CSE grade 1)","seb","Higher working","disability","No",,,"2014-2025",10.986,10.162,11.883,5194,"Percent",
"in23","Highest qualification","disability","K02000001","country","United Kingdom","edu","Lower level (below CSE grade 1)","seb","Intermediate","disability","Yes",,,"2014-2025",13.049,11.211,15.127,1188,"Percent",
"in23","Highest qualification","disability","K02000001","country","United Kingdom","edu","Lower level (below CSE grade 1)","seb","Intermediate","disability","No",,,"2014-2025",9.63,8.948,10.367,6788,"Percent",
"in23","Highest qualification","disability","K02000001","country","United Kingdom","edu","Lower level (below CSE grade 1)","seb","Lower professional","disability","Yes",,,"2014-2025",8.851,7.257,10.85,1023,"Percent",
"in23","Highest qualification","disability","K02000001","country","United Kingdom","edu","Lower level (below CSE grade 1)","seb","Lower professional","disability","No",,,"2014-2025",4.124,3.648,4.671,6029,"Percent",
"in23","Highest qualification","disability","K02000001","country","United Kingdom","edu","Lower level (below CSE grade 1)","seb","Higher professional","disability","Yes",,,"2014-2025",6.153,4.587,8.085,785,"Percent",
"in23","Highest qualification","disability","K02000001","country","United Kingdom","edu","Lower level (below CSE grade 1)","seb","Higher professional","disability","No",,,"2014-2025",2.827,2.398,3.312,5284,"Percent",
"in23","Highest qualification","disability","K02000001","country","United Kingdom","edu","Higher degree","seb","Total","disability",,,,"2014-2025",14.366,13.994,14.744,33825,"Percent",
"in23","Highest qualification","disability","K02000001","country","United Kingdom","edu","First degree","seb","Total","disability",,,,"2014-2025",32.196,31.698,32.697,33825,"Percent",
"in23","Highest qualification","disability","K02000001","country","United Kingdom","edu","Further education below degree","seb","Total","disability",,,,"2014-2025",6.722,6.459,6.996,33825,"Percent",
"in23","Highest qualification","disability","K02000001","country","United Kingdom","edu","A level and equivalent","seb","Total","disability",,,,"2014-2025",24.762,24.304,25.227,33825,"Percent",
"in23","Highest qualification","disability","K02000001","country","United Kingdom","edu","O level, GCSE and equivalent","seb","Total","disability",,,,"2014-2025",11.952,11.61,12.304,33825,"Percent",
"in23","Highest qualification","disability","K02000001","country","United Kingdom","edu","Lower level (below CSE grade 1)","seb","Total","disability",,,,"2014-2025",10.002,9.685,10.327,33825,"Percent",
"in23","Highest qualification","disability_time_comparison","K02000001","country","United Kingdom","edu","Higher degree","seb","Lower working","disability","Yes",,,"2014-2019",2.397,1.491,3.699,845,"Percent",
"in23","Highest qualification","disability_time_comparison","K02000001","country","United Kingdom","edu","Higher degree","seb","Lower working","disability","No",,,"2014-2019",5.462,4.739,6.28,3480,"Percent",
"in23","Highest qualification","disability_time_comparison","K02000001","country","United Kingdom","edu","Higher degree","seb","Higher working","disability","Yes",,,"2014-2019",2.903,1.713,4.741,555,"Percent",
"in23","Highest qualification","disability_time_comparison","K02000001","country","United Kingdom","edu","Higher degree","seb","Higher working","disability","No",,,"2014-2019",6.635,5.859,7.52,3583,"Percent",
"in23","Highest qualification","disability_time_comparison","K02000001","country","United Kingdom","edu","Higher degree","seb","Intermediate","disability","Yes",,,"2014-2019",9.172,7.073,11.893,597,"Percent",
"in23","Highest qualification","disability_time_comparison","K02000001","country","United Kingdom","edu","Higher degree","seb","Intermediate","disability","No",,,"2014-2019",10.484,9.6,11.445,4348,"Percent",
"in23","Highest qualification","disability_time_comparison","K02000001","country","United Kingdom","edu","Higher degree","seb","Lower professional","disability","Yes",,,"2014-2019",11.349,8.689,14.526,487,"Percent",
"in23","Highest qualification","disability_time_comparison","K02000001","country","United Kingdom","edu","Higher degree","seb","Lower professional","disability","No",,,"2014-2019",17.081,15.868,18.345,3626,"Percent",
"in23","Highest qualification","disability_time_comparison","K02000001","country","United Kingdom","edu","Higher degree","seb","Higher professional","disability","Yes",,,"2014-2019",19.81,15.894,24.558,347,"Percent",
"in23","Highest qualification","disability_time_comparison","K02000001","country","United Kingdom","edu","Higher degree","seb","Higher professional","disability","No",,,"2014-2019",23.667,22.176,25.228,3042,"Percent",
"in23","Highest qualification","disability_time_comparison","K02000001","country","United Kingdom","edu","First degree","seb","Lower working","disability","Yes",,,"2014-2019",10.289,8.369,12.592,845,"Percent",
"in23","Highest qualification","disability_time_comparison","K02000001","country","United Kingdom","edu","First degree","seb","Lower working","disability","No",,,"2014-2019",17.424,16.176,18.724,3480,"Percent",
"in23","Highest qualification","disability_time_comparison","K02000001","country","United Kingdom","edu","First degree","seb","Higher working","disability","Yes",,,"2014-2019",14.491,11.655,17.678,555,"Percent",
"in23","Highest qualification","disability_time_comparison","K02000001","country","United Kingdom","edu","First degree","seb","Higher working","disability","No",,,"2014-2019",24.887,23.493,26.352,3583,"Percent",
"in23","Highest qualification","disability_time_comparison","K02000001","country","United Kingdom","edu","First degree","seb","Intermediate","disability","Yes",,,"2014-2019",18.569,15.599,22,597,"Percent",
"in23","Highest qualification","disability_time_comparison","K02000001","country","United Kingdom","edu","First degree","seb","Intermediate","disability","No",,,"2014-2019",30.185,28.817,31.568,4348,"Percent",
"in23","Highest qualification","disability_time_comparison","K02000001","country","United Kingdom","edu","First degree","seb","Lower professional","disability","Yes",,,"2014-2019",28.573,24.614,32.815,487,"Percent",
"in23","Highest qualification","disability_time_comparison","K02000001","country","United Kingdom","edu","First degree","seb","Lower professional","disability","No",,,"2014-2019",39.246,37.654,40.858,3626,"Percent",
"in23","Highest qualification","disability_time_comparison","K02000001","country","United Kingdom","edu","First degree","seb","Higher professional","disability","Yes",,,"2014-2019",37.141,32.119,42.522,347,"Percent",
"in23","Highest qualification","disability_time_comparison","K02000001","country","United Kingdom","edu","First degree","seb","Higher professional","disability","No",,,"2014-2019",43.99,42.213,45.771,3042,"Percent",
"in23","Highest qualification","disability_time_comparison","K02000001","country","United Kingdom","edu","Further education below degree","seb","Lower working","disability","Yes",,,"2014-2019",6.172,4.672,8.047,845,"Percent",
"in23","Highest qualification","disability_time_comparison","K02000001","country","United Kingdom","edu","Further education below degree","seb","Lower working","disability","No",,,"2014-2019",7.196,6.359,8.105,3480,"Percent",
"in23","Highest qualification","disability_time_comparison","K02000001","country","United Kingdom","edu","Further education below degree","seb","Higher working","disability","Yes",,,"2014-2019",4.723,3.143,6.881,555,"Percent",
"in23","Highest qualification","disability_time_comparison","K02000001","country","United Kingdom","edu","Further education below degree","seb","Higher working","disability","No",,,"2014-2019",7.513,6.676,8.431,3583,"Percent",
"in23","Highest qualification","disability_time_comparison","K02000001","country","United Kingdom","edu","Further education below degree","seb","Intermediate","disability","Yes",,,"2014-2019",8.185,6.191,10.779,597,"Percent",
"in23","Highest qualification","disability_time_comparison","K02000001","country","United Kingdom","edu","Further education below degree","seb","Intermediate","disability","No",,,"2014-2019",6.959,6.238,7.776,4348,"Percent",
"in23","Highest qualification","disability_time_comparison","K02000001","country","United Kingdom","edu","Further education below degree","seb","Lower professional","disability","Yes",,,"2014-2019",9.954,7.425,12.94,487,"Percent",
"in23","Highest qualification","disability_time_comparison","K02000001","country","United Kingdom","edu","Further education below degree","seb","Lower professional","disability","No",,,"2014-2019",7.762,6.91,8.68,3626,"Percent",
"in23","Highest qualification","disability_time_comparison","K02000001","country","United Kingdom","edu","Further education below degree","seb","Higher professional","disability","Yes",,,"2014-2019",8.103,5.522,11.58,347,"Percent",
"in23","Highest qualification","disability_time_comparison","K02000001","country","United Kingdom","edu","Further education below degree","seb","Higher professional","disability","No",,,"2014-2019",5.994,5.179,6.9,3042,"Percent",
"in23","Highest qualification","disability_time_comparison","K02000001","country","United Kingdom","edu","A level and equivalent","seb","Lower working","disability","Yes",,,"2014-2019",28.044,25.066,31.231,845,"Percent",
"in23","Highest qualification","disability_time_comparison","K02000001","country","United Kingdom","edu","A level and equivalent","seb","Lower working","disability","No",,,"2014-2019",31.252,29.731,32.839,3480,"Percent",
"in23","Highest qualification","disability_time_comparison","K02000001","country","United Kingdom","edu","A level and equivalent","seb","Higher working","disability","Yes",,,"2014-2019",35.506,31.54,39.655,555,"Percent",
"in23","Highest qualification","disability_time_comparison","K02000001","country","United Kingdom","edu","A level and equivalent","seb","Higher working","disability","No",,,"2014-2019",33.24,31.703,34.814,3583,"Percent",
"in23","Highest qualification","disability_time_comparison","K02000001","country","United Kingdom","edu","A level and equivalent","seb","Intermediate","disability","Yes",,,"2014-2019",31.857,28.135,35.754,597,"Percent",
"in23","Highest qualification","disability_time_comparison","K02000001","country","United Kingdom","edu","A level and equivalent","seb","Intermediate","disability","No",,,"2014-2019",28.188,26.868,29.565,4348,"Percent",
"in23","Highest qualification","disability_time_comparison","K02000001","country","United Kingdom","edu","A level and equivalent","seb","Lower professional","disability","Yes",,,"2014-2019",26.869,23.056,31.114,487,"Percent",
"in23","Highest qualification","disability_time_comparison","K02000001","country","United Kingdom","edu","A level and equivalent","seb","Lower professional","disability","No",,,"2014-2019",22.895,21.538,24.3,3626,"Percent",
"in23","Highest qualification","disability_time_comparison","K02000001","country","United Kingdom","edu","A level and equivalent","seb","Higher professional","disability","Yes",,,"2014-2019",20.077,16.156,24.865,347,"Percent",
"in23","Highest qualification","disability_time_comparison","K02000001","country","United Kingdom","edu","A level and equivalent","seb","Higher professional","disability","No",,,"2014-2019",17.708,16.387,19.133,3042,"Percent",
"in23","Highest qualification","disability_time_comparison","K02000001","country","United Kingdom","edu","O level, GCSE and equivalent","seb","Lower working","disability","Yes",,,"2014-2019",21.897,19.18,24.867,845,"Percent",
"in23","Highest qualification","disability_time_comparison","K02000001","country","United Kingdom","edu","O level, GCSE and equivalent","seb","Lower working","disability","No",,,"2014-2019",17.203,15.981,18.518,3480,"Percent",
"in23","Highest qualification","disability_time_comparison","K02000001","country","United Kingdom","edu","O level, GCSE and equivalent","seb","Higher working","disability","Yes",,,"2014-2019",18.922,15.795,22.482,555,"Percent",
"in23","Highest qualification","disability_time_comparison","K02000001","country","United Kingdom","edu","O level, GCSE and equivalent","seb","Higher working","disability","No",,,"2014-2019",14.938,13.789,16.151,3583,"Percent",
"in23","Highest qualification","disability_time_comparison","K02000001","country","United Kingdom","edu","O level, GCSE and equivalent","seb","Intermediate","disability","Yes",,,"2014-2019",15.791,12.967,18.974,597,"Percent",
"in23","Highest qualification","disability_time_comparison","K02000001","country","United Kingdom","edu","O level, GCSE and equivalent","seb","Intermediate","disability","No",,,"2014-2019",12.371,11.417,13.397,4348,"Percent",
"in23","Highest qualification","disability_time_comparison","K02000001","country","United Kingdom","edu","O level, GCSE and equivalent","seb","Lower professional","disability","Yes",,,"2014-2019",12.663,9.968,16.098,487,"Percent",
"in23","Highest qualification","disability_time_comparison","K02000001","country","United Kingdom","edu","O level, GCSE and equivalent","seb","Lower professional","disability","No",,,"2014-2019",8.072,7.224,9.027,3626,"Percent",
"in23","Highest qualification","disability_time_comparison","K02000001","country","United Kingdom","edu","O level, GCSE and equivalent","seb","Higher professional","disability","Yes",,,"2014-2019",8.523,6.002,12.238,347,"Percent",
"in23","Highest qualification","disability_time_comparison","K02000001","country","United Kingdom","edu","O level, GCSE and equivalent","seb","Higher professional","disability","No",,,"2014-2019",5.53,4.75,6.409,3042,"Percent",
"in23","Highest qualification","disability_time_comparison","K02000001","country","United Kingdom","edu","Lower level (below CSE grade 1)","seb","Lower working","disability","Yes",,,"2014-2019",31.201,28.151,34.507,845,"Percent",
"in23","Highest qualification","disability_time_comparison","K02000001","country","United Kingdom","edu","Lower level (below CSE grade 1)","seb","Lower working","disability","No",,,"2014-2019",21.463,20.119,22.875,3480,"Percent",
"in23","Highest qualification","disability_time_comparison","K02000001","country","United Kingdom","edu","Lower level (below CSE grade 1)","seb","Higher working","disability","Yes",,,"2014-2019",23.454,20.005,27.216,555,"Percent",
"in23","Highest qualification","disability_time_comparison","K02000001","country","United Kingdom","edu","Lower level (below CSE grade 1)","seb","Higher working","disability","No",,,"2014-2019",12.788,11.716,13.93,3583,"Percent",
"in23","Highest qualification","disability_time_comparison","K02000001","country","United Kingdom","edu","Lower level (below CSE grade 1)","seb","Intermediate","disability","Yes",,,"2014-2019",16.426,13.583,19.689,597,"Percent",
"in23","Highest qualification","disability_time_comparison","K02000001","country","United Kingdom","edu","Lower level (below CSE grade 1)","seb","Intermediate","disability","No",,,"2014-2019",11.813,10.884,12.827,4348,"Percent",
"in23","Highest qualification","disability_time_comparison","K02000001","country","United Kingdom","edu","Lower level (below CSE grade 1)","seb","Lower professional","disability","Yes",,,"2014-2019",10.591,8.146,13.848,487,"Percent",
"in23","Highest qualification","disability_time_comparison","K02000001","country","United Kingdom","edu","Lower level (below CSE grade 1)","seb","Lower professional","disability","No",,,"2014-2019",4.944,4.265,5.705,3626,"Percent",
"in23","Highest qualification","disability_time_comparison","K02000001","country","United Kingdom","edu","Lower level (below CSE grade 1)","seb","Higher professional","disability","Yes",,,"2014-2019",6.345,4.108,9.581,347,"Percent",
"in23","Highest qualification","disability_time_comparison","K02000001","country","United Kingdom","edu","Lower level (below CSE grade 1)","seb","Higher professional","disability","No",,,"2014-2019",3.111,2.547,3.821,3042,"Percent",
"in23","Highest qualification","disability_time_comparison","K02000001","country","United Kingdom","edu","Higher degree","seb","Total","disability",,,,"2014-2019",11.879,11.446,12.327,20910,"Percent",
"in23","Highest qualification","disability_time_comparison","K02000001","country","United Kingdom","edu","First degree","seb","Total","disability",,,,"2014-2019",29.584,28.967,30.209,20910,"Percent",
"in23","Highest qualification","disability_time_comparison","K02000001","country","United Kingdom","edu","Further education below degree","seb","Total","disability",,,,"2014-2019",7.124,6.783,7.485,20910,"Percent",
"in23","Highest qualification","disability_time_comparison","K02000001","country","United Kingdom","edu","A level and equivalent","seb","Total","disability",,,,"2014-2019",27.081,26.482,27.692,20910,"Percent",
"in23","Highest qualification","disability_time_comparison","K02000001","country","United Kingdom","edu","O level, GCSE and equivalent","seb","Total","disability",,,,"2014-2019",12.326,11.883,12.779,20910,"Percent",
"in23","Highest qualification","disability_time_comparison","K02000001","country","United Kingdom","edu","Lower level (below CSE grade 1)","seb","Total","disability",,,,"2014-2019",12.007,11.573,12.459,20910,"Percent",
"in23","Highest qualification","disability_time_comparison","K02000001","country","United Kingdom","edu","Higher degree","seb","Lower working","disability","Yes",,,"2020-2025",4.003,2.707,6.037,614,"Percent",
"in23","Highest qualification","disability_time_comparison","K02000001","country","United Kingdom","edu","Higher degree","seb","Lower working","disability","No",,,"2020-2025",8.412,7.156,9.914,1636,"Percent",
"in23","Highest qualification","disability_time_comparison","K02000001","country","United Kingdom","edu","Higher degree","seb","Higher working","disability","Yes",,,"2020-2025",5.24,3.326,7.961,404,"Percent",
"in23","Highest qualification","disability_time_comparison","K02000001","country","United Kingdom","edu","Higher degree","seb","Higher working","disability","No",,,"2020-2025",13.848,12.212,15.647,1611,"Percent",
"in23","Highest qualification","disability_time_comparison","K02000001","country","United Kingdom","edu","Higher degree","seb","Intermediate","disability","Yes",,,"2020-2025",12.735,10.169,15.709,591,"Percent",
"in23","Highest qualification","disability_time_comparison","K02000001","country","United Kingdom","edu","Higher degree","seb","Intermediate","disability","No",,,"2020-2025",16.756,15.313,18.318,2440,"Percent",
"in23","Highest qualification","disability_time_comparison","K02000001","country","United Kingdom","edu","Higher degree","seb","Lower professional","disability","Yes",,,"2020-2025",19.934,16.711,23.654,536,"Percent",
"in23","Highest qualification","disability_time_comparison","K02000001","country","United Kingdom","edu","Higher degree","seb","Lower professional","disability","No",,,"2020-2025",21.711,20.1,23.437,2403,"Percent",
"in23","Highest qualification","disability_time_comparison","K02000001","country","United Kingdom","edu","Higher degree","seb","Higher professional","disability","Yes",,,"2020-2025",23.196,19.466,27.588,438,"Percent",
"in23","Highest qualification","disability_time_comparison","K02000001","country","United Kingdom","edu","Higher degree","seb","Higher professional","disability","No",,,"2020-2025",26.031,24.252,27.928,2242,"Percent",
"in23","Highest qualification","disability_time_comparison","K02000001","country","United Kingdom","edu","First degree","seb","Lower working","disability","Yes",,,"2020-2025",14.604,12.006,17.763,614,"Percent",
"in23","Highest qualification","disability_time_comparison","K02000001","country","United Kingdom","edu","First degree","seb","Lower working","disability","No",,,"2020-2025",25.821,23.703,28.001,1636,"Percent",
"in23","Highest qualification","disability_time_comparison","K02000001","country","United Kingdom","edu","First degree","seb","Higher working","disability","Yes",,,"2020-2025",25.269,21.142,29.833,404,"Percent",
"in23","Highest qualification","disability_time_comparison","K02000001","country","United Kingdom","edu","First degree","seb","Higher working","disability","No",,,"2020-2025",28.066,25.887,30.333,1611,"Percent",
"in23","Highest qualification","disability_time_comparison","K02000001","country","United Kingdom","edu","First degree","seb","Intermediate","disability","Yes",,,"2020-2025",25.741,22.28,29.48,591,"Percent",
"in23","Highest qualification","disability_time_comparison","K02000001","country","United Kingdom","edu","First degree","seb","Intermediate","disability","No",,,"2020-2025",35.581,33.678,37.515,2440,"Percent",
"in23","Highest qualification","disability_time_comparison","K02000001","country","United Kingdom","edu","First degree","seb","Lower professional","disability","Yes",,,"2020-2025",32.544,28.546,36.635,536,"Percent",
"in23","Highest qualification","disability_time_comparison","K02000001","country","United Kingdom","edu","First degree","seb","Lower professional","disability","No",,,"2020-2025",42.373,40.381,44.371,2403,"Percent",
"in23","Highest qualification","disability_time_comparison","K02000001","country","United Kingdom","edu","First degree","seb","Higher professional","disability","Yes",,,"2020-2025",35.705,31.165,40.325,438,"Percent",
"in23","Highest qualification","disability_time_comparison","K02000001","country","United Kingdom","edu","First degree","seb","Higher professional","disability","No",,,"2020-2025",48.762,46.664,50.843,2242,"Percent",
"in23","Highest qualification","disability_time_comparison","K02000001","country","United Kingdom","edu","Further education below degree","seb","Lower working","disability","Yes",,,"2020-2025",7.04,5.17,9.392,614,"Percent",
"in23","Highest qualification","disability_time_comparison","K02000001","country","United Kingdom","edu","Further education below degree","seb","Lower working","disability","No",,,"2020-2025",6.464,5.358,7.81,1636,"Percent",
"in23","Highest qualification","disability_time_comparison","K02000001","country","United Kingdom","edu","Further education below degree","seb","Higher working","disability","Yes",,,"2020-2025",8.034,5.562,11.109,404,"Percent",
"in23","Highest qualification","disability_time_comparison","K02000001","country","United Kingdom","edu","Further education below degree","seb","Higher working","disability","No",,,"2020-2025",8.131,6.866,9.601,1611,"Percent",
"in23","Highest qualification","disability_time_comparison","K02000001","country","United Kingdom","edu","Further education below degree","seb","Intermediate","disability","Yes",,,"2020-2025",6.168,4.36,8.414,591,"Percent",
"in23","Highest qualification","disability_time_comparison","K02000001","country","United Kingdom","edu","Further education below degree","seb","Intermediate","disability","No",,,"2020-2025",7.003,6.042,8.112,2440,"Percent",
"in23","Highest qualification","disability_time_comparison","K02000001","country","United Kingdom","edu","Further education below degree","seb","Lower professional","disability","Yes",,,"2020-2025",5.024,3.408,7.338,536,"Percent",
"in23","Highest qualification","disability_time_comparison","K02000001","country","United Kingdom","edu","Further education below degree","seb","Lower professional","disability","No",,,"2020-2025",6.053,5.131,7.08,2403,"Percent",
"in23","Highest qualification","disability_time_comparison","K02000001","country","United Kingdom","edu","Further education below degree","seb","Higher professional","disability","Yes",,,"2020-2025",6.223,4.177,8.952,438,"Percent",
"in23","Highest qualification","disability_time_comparison","K02000001","country","United Kingdom","edu","Further education below degree","seb","Higher professional","disability","No",,,"2020-2025",4.157,3.378,5.079,2242,"Percent",
"in23","Highest qualification","disability_time_comparison","K02000001","country","United Kingdom","edu","A level and equivalent","seb","Lower working","disability","Yes",,,"2020-2025",23.704,20.504,27.387,614,"Percent",
"in23","Highest qualification","disability_time_comparison","K02000001","country","United Kingdom","edu","A level and equivalent","seb","Lower working","disability","No",,,"2020-2025",28.663,26.498,30.938,1636,"Percent",
"in23","Highest qualification","disability_time_comparison","K02000001","country","United Kingdom","edu","A level and equivalent","seb","Higher working","disability","Yes",,,"2020-2025",22.218,18.377,26.716,404,"Percent",
"in23","Highest qualification","disability_time_comparison","K02000001","country","United Kingdom","edu","A level and equivalent","seb","Higher working","disability","No",,,"2020-2025",27.526,25.343,29.762,1611,"Percent",
"in23","Highest qualification","disability_time_comparison","K02000001","country","United Kingdom","edu","A level and equivalent","seb","Intermediate","disability","Yes",,,"2020-2025",25.278,21.798,28.953,591,"Percent",
"in23","Highest qualification","disability_time_comparison","K02000001","country","United Kingdom","edu","A level and equivalent","seb","Intermediate","disability","No",,,"2020-2025",24.282,22.583,26.024,2440,"Percent",
"in23","Highest qualification","disability_time_comparison","K02000001","country","United Kingdom","edu","A level and equivalent","seb","Lower professional","disability","Yes",,,"2020-2025",21.395,18.102,25.225,536,"Percent",
"in23","Highest qualification","disability_time_comparison","K02000001","country","United Kingdom","edu","A level and equivalent","seb","Lower professional","disability","No",,,"2020-2025",19.674,18.123,21.343,2403,"Percent",
"in23","Highest qualification","disability_time_comparison","K02000001","country","United Kingdom","edu","A level and equivalent","seb","Higher professional","disability","Yes",,,"2020-2025",20.749,17.133,24.942,438,"Percent",
"in23","Highest qualification","disability_time_comparison","K02000001","country","United Kingdom","edu","A level and equivalent","seb","Higher professional","disability","No",,,"2020-2025",13.947,12.566,15.48,2242,"Percent",
"in23","Highest qualification","disability_time_comparison","K02000001","country","United Kingdom","edu","O level, GCSE and equivalent","seb","Lower working","disability","Yes",,,"2020-2025",27.002,23.596,30.768,614,"Percent",
"in23","Highest qualification","disability_time_comparison","K02000001","country","United Kingdom","edu","O level, GCSE and equivalent","seb","Lower working","disability","No",,,"2020-2025",17.098,15.338,19.048,1636,"Percent",
"in23","Highest qualification","disability_time_comparison","K02000001","country","United Kingdom","edu","O level, GCSE and equivalent","seb","Higher working","disability","Yes",,,"2020-2025",23.313,19.296,27.758,404,"Percent",
"in23","Highest qualification","disability_time_comparison","K02000001","country","United Kingdom","edu","O level, GCSE and equivalent","seb","Higher working","disability","No",,,"2020-2025",13.941,12.33,15.778,1611,"Percent",
"in23","Highest qualification","disability_time_comparison","K02000001","country","United Kingdom","edu","O level, GCSE and equivalent","seb","Intermediate","disability","Yes",,,"2020-2025",19.195,16.074,22.575,591,"Percent",
"in23","Highest qualification","disability_time_comparison","K02000001","country","United Kingdom","edu","O level, GCSE and equivalent","seb","Intermediate","disability","No",,,"2020-2025",9.332,8.233,10.585,2440,"Percent",
"in23","Highest qualification","disability_time_comparison","K02000001","country","United Kingdom","edu","O level, GCSE and equivalent","seb","Lower professional","disability","Yes",,,"2020-2025",13.299,10.552,16.48,536,"Percent",
"in23","Highest qualification","disability_time_comparison","K02000001","country","United Kingdom","edu","O level, GCSE and equivalent","seb","Lower professional","disability","No",,,"2020-2025",6.89,5.942,8.014,2403,"Percent",
"in23","Highest qualification","disability_time_comparison","K02000001","country","United Kingdom","edu","O level, GCSE and equivalent","seb","Higher professional","disability","Yes",,,"2020-2025",8.074,5.705,11.04,438,"Percent",
"in23","Highest qualification","disability_time_comparison","K02000001","country","United Kingdom","edu","O level, GCSE and equivalent","seb","Higher professional","disability","No",,,"2020-2025",4.542,3.742,5.517,2242,"Percent",
"in23","Highest qualification","disability_time_comparison","K02000001","country","United Kingdom","edu","Lower level (below CSE grade 1)","seb","Lower working","disability","Yes",,,"2020-2025",23.648,20.35,27.218,614,"Percent",
"in23","Highest qualification","disability_time_comparison","K02000001","country","United Kingdom","edu","Lower level (below CSE grade 1)","seb","Lower working","disability","No",,,"2020-2025",13.542,11.966,15.347,1636,"Percent",
"in23","Highest qualification","disability_time_comparison","K02000001","country","United Kingdom","edu","Lower level (below CSE grade 1)","seb","Higher working","disability","Yes",,,"2020-2025",15.926,12.494,19.855,404,"Percent",
"in23","Highest qualification","disability_time_comparison","K02000001","country","United Kingdom","edu","Lower level (below CSE grade 1)","seb","Higher working","disability","No",,,"2020-2025",8.487,7.21,10,1611,"Percent",
"in23","Highest qualification","disability_time_comparison","K02000001","country","United Kingdom","edu","Lower level (below CSE grade 1)","seb","Intermediate","disability","Yes",,,"2020-2025",10.883,8.497,13.685,591,"Percent",
"in23","Highest qualification","disability_time_comparison","K02000001","country","United Kingdom","edu","Lower level (below CSE grade 1)","seb","Intermediate","disability","No",,,"2020-2025",7.047,6.08,8.156,2440,"Percent",
"in23","Highest qualification","disability_time_comparison","K02000001","country","United Kingdom","edu","Lower level (below CSE grade 1)","seb","Lower professional","disability","Yes",,,"2020-2025",7.804,5.769,10.527,536,"Percent",
"in23","Highest qualification","disability_time_comparison","K02000001","country","United Kingdom","edu","Lower level (below CSE grade 1)","seb","Lower professional","disability","No",,,"2020-2025",3.299,2.627,4.101,2403,"Percent",
"in23","Highest qualification","disability_time_comparison","K02000001","country","United Kingdom","edu","Lower level (below CSE grade 1)","seb","Higher professional","disability","Yes",,,"2020-2025",6.053,4.177,8.952,438,"Percent",
"in23","Highest qualification","disability_time_comparison","K02000001","country","United Kingdom","edu","Lower level (below CSE grade 1)","seb","Higher professional","disability","No",,,"2020-2025",2.561,1.948,3.305,2242,"Percent",
"in23","Highest qualification","disability_time_comparison","K02000001","country","United Kingdom","edu","Higher degree","seb","Total","disability",,,,"2020-2025",16.972,16.331,17.634,12915,"Percent",
"in23","Highest qualification","disability_time_comparison","K02000001","country","United Kingdom","edu","First degree","seb","Total","disability",,,,"2020-2025",34.931,34.107,35.759,12915,"Percent",
"in23","Highest qualification","disability_time_comparison","K02000001","country","United Kingdom","edu","Further education below degree","seb","Total","disability",,,,"2020-2025",6.301,5.893,6.739,12915,"Percent",
"in23","Highest qualification","disability_time_comparison","K02000001","country","United Kingdom","edu","A level and equivalent","seb","Total","disability",,,,"2020-2025",22.334,21.617,23.061,12915,"Percent",
"in23","Highest qualification","disability_time_comparison","K02000001","country","United Kingdom","edu","O level, GCSE and equivalent","seb","Total","disability",,,,"2020-2025",11.56,11.016,12.127,12915,"Percent",
"in23","Highest qualification","disability_time_comparison","K02000001","country","United Kingdom","edu","Lower level (below CSE grade 1)","seb","Total","disability",,,,"2020-2025",7.902,7.449,8.387,12915,"Percent",
"in23","Highest qualification","geography_caterpillar",,"ITL2","Bedfordshire and Hertfordshire","degree_binary","1","itl2_adolescent_geo","Bedfordshire and Hertfordshire","quintile","4",,,"2018-2025",1.586,-2.383,5.554,,"Percent","Random effect from a linear mixed-effects model"
"in23","Highest qualification","geography_caterpillar",,"ITL2","Berkshire, Buckinghamshire and Oxfordshire","degree_binary","1","itl2_adolescent_geo","Berkshire, Buckinghamshire and Oxfordshire","quintile","5",,,"2018-2025",2.265,-1.09,5.619,,"Percent","Random effect from a linear mixed-effects model"
"in23","Highest qualification","geography_caterpillar",,"ITL2","Cheshire","degree_binary","1","itl2_adolescent_geo","Cheshire","quintile","5",,,"2018-2025",6.337,1.22,11.453,,"Percent","Random effect from a linear mixed-effects model"
"in23","Highest qualification","geography_caterpillar",,"ITL2","Cornwall and Isles of Scilly","degree_binary","1","itl2_adolescent_geo","Cornwall and Isles of Scilly","quintile","3",,,"2018-2025",-0.025,-6.351,6.3,,"Percent","Random effect from a linear mixed-effects model"
"in23","Highest qualification","geography_caterpillar",,"ITL2","Cumbria","degree_binary","1","itl2_adolescent_geo","Cumbria","quintile","2",,,"2018-2025",-1.865,-8.04,4.31,,"Percent","Random effect from a linear mixed-effects model"
"in23","Highest qualification","geography_caterpillar",,"ITL2","Derbyshire and Nottinghamshire","degree_binary","1","itl2_adolescent_geo","Derbyshire and Nottinghamshire","quintile","1",,,"2018-2025",-3.561,-7.194,0.072,,"Percent","Random effect from a linear mixed-effects model"
"in23","Highest qualification","geography_caterpillar",,"ITL2","Devon","degree_binary","1","itl2_adolescent_geo","Devon","quintile","2",,,"2018-2025",-1.128,-5.791,3.535,,"Percent","Random effect from a linear mixed-effects model"
"in23","Highest qualification","geography_caterpillar",,"ITL2","Dorset and Somerset","degree_binary","1","itl2_adolescent_geo","Dorset and Somerset","quintile","2",,,"2018-2025",-1.527,-6.128,3.073,,"Percent","Random effect from a linear mixed-effects model"
"in23","Highest qualification","geography_caterpillar",,"ITL2","East Anglia","degree_binary","1","itl2_adolescent_geo","East Anglia","quintile","1",,,"2018-2025",-3.505,-6.941,-0.07,,"Percent","Random effect from a linear mixed-effects model"
"in23","Highest qualification","geography_caterpillar",,"ITL2","East Wales","degree_binary","1","itl2_adolescent_geo","East Wales","quintile","3",,,"2018-2025",-0.519,-5.175,4.137,,"Percent","Random effect from a linear mixed-effects model"
"in23","Highest qualification","geography_caterpillar",,"ITL2","East Yorkshire and Northern Lincolnshire","degree_binary","1","itl2_adolescent_geo","East Yorkshire and Northern Lincolnshire","quintile","1",,,"2018-2025",-3.021,-8.099,2.057,,"Percent","Random effect from a linear mixed-effects model"
"in23","Highest qualification","geography_caterpillar",,"ITL2","Eastern Scotland","degree_binary","1","itl2_adolescent_geo","Eastern Scotland","quintile","2",,,"2018-2025",-2.407,-6.175,1.361,,"Percent","Random effect from a linear mixed-effects model"
"in23","Highest qualification","geography_caterpillar",,"ITL2","Essex","degree_binary","1","itl2_adolescent_geo","Essex","quintile","3",,,"2018-2025",-0.62,-4.458,3.217,,"Percent","Random effect from a linear mixed-effects model"
"in23","Highest qualification","geography_caterpillar",,"ITL2","Gloucestershire, Wiltshire and Bath/Bristol area","degree_binary","1","itl2_adolescent_geo","Gloucestershire, Wiltshire and Bath/Bristol area","quintile","2",,,"2018-2025",-1.462,-4.814,1.889,,"Percent","Random effect from a linear mixed-effects model"
"in23","Highest qualification","geography_caterpillar",,"ITL2","Greater Manchester","degree_binary","1","itl2_adolescent_geo","Greater Manchester","quintile","1",,,"2018-2025",-3.743,-7.144,-0.342,,"Percent","Random effect from a linear mixed-effects model"
"in23","Highest qualification","geography_caterpillar",,"ITL2","Hampshire and Isle of Wight","degree_binary","1","itl2_adolescent_geo","Hampshire and Isle of Wight","quintile","1",,,"2018-2025",-5.967,-9.717,-2.217,,"Percent","Random effect from a linear mixed-effects model"
"in23","Highest qualification","geography_caterpillar",,"ITL2","Herefordshire, Worcestershire and Warwickshire","degree_binary","1","itl2_adolescent_geo","Herefordshire, Worcestershire and Warwickshire","quintile","5",,,"2018-2025",1.735,-2.568,6.038,,"Percent","Random effect from a linear mixed-effects model"
"in23","Highest qualification","geography_caterpillar",,"ITL2","Highlands and Islands","degree_binary","1","itl2_adolescent_geo","Highlands and Islands","quintile","4",,,"2018-2025",0.446,-5.831,6.723,,"Percent","Random effect from a linear mixed-effects model"
"in23","Highest qualification","geography_caterpillar",,"ITL2","Inner London - East","degree_binary","1","itl2_adolescent_geo","Inner London - East","quintile","5",,,"2018-2025",13.26,9.339,17.182,,"Percent","Random effect from a linear mixed-effects model"
"in23","Highest qualification","geography_caterpillar",,"ITL2","Inner London - West","degree_binary","1","itl2_adolescent_geo","Inner London - West","quintile","5",,,"2018-2025",11.413,6.115,16.711,,"Percent","Random effect from a linear mixed-effects model"
"in23","Highest qualification","geography_caterpillar",,"ITL2","Kent","degree_binary","1","itl2_adolescent_geo","Kent","quintile","2",,,"2018-2025",-1.774,-5.5,1.953,,"Percent","Random effect from a linear mixed-effects model"
"in23","Highest qualification","geography_caterpillar",,"ITL2","Lancashire","degree_binary","1","itl2_adolescent_geo","Lancashire","quintile","4",,,"2018-2025",0.553,-3.615,4.72,,"Percent","Random effect from a linear mixed-effects model"
"in23","Highest qualification","geography_caterpillar",,"ITL2","Leicestershire, Rutland and Northamptonshire","degree_binary","1","itl2_adolescent_geo","Leicestershire, Rutland and Northamptonshire","quintile","3",,,"2018-2025",-0.51,-4.404,3.384,,"Percent","Random effect from a linear mixed-effects model"
"in23","Highest qualification","geography_caterpillar",,"ITL2","Lincolnshire","degree_binary","1","itl2_adolescent_geo","Lincolnshire","quintile","1",,,"2018-2025",-6.88,-12.207,-1.552,,"Percent","Random effect from a linear mixed-effects model"
"in23","Highest qualification","geography_caterpillar",,"ITL2","Merseyside","degree_binary","1","itl2_adolescent_geo","Merseyside","quintile","3",,,"2018-2025",-0.066,-4.37,4.237,,"Percent","Random effect from a linear mixed-effects model"
"in23","Highest qualification","geography_caterpillar",,"ITL2","North Eastern Scotland","degree_binary","1","itl2_adolescent_geo","North Eastern Scotland","quintile","2",,,"2018-2025",-2.146,-8.43,4.139,,"Percent","Random effect from a linear mixed-effects model"
"in23","Highest qualification","geography_caterpillar",,"ITL2","North Yorkshire","degree_binary","1","itl2_adolescent_geo","North Yorkshire","quintile","5",,,"2018-2025",4.851,-0.402,10.103,,"Percent","Random effect from a linear mixed-effects model"
"in23","Highest qualification","geography_caterpillar",,"ITL2","Northern Ireland","degree_binary","1","itl2_adolescent_geo","Northern Ireland","quintile","2",,,"2018-2025",-2.025,-5.607,1.558,,"Percent","Random effect from a linear mixed-effects model"
"in23","Highest qualification","geography_caterpillar",,"ITL2","Northumberland, and Tyne and Wear","degree_binary","1","itl2_adolescent_geo","Northumberland, and Tyne and Wear","quintile","3",,,"2018-2025",-0.785,-4.923,3.354,,"Percent","Random effect from a linear mixed-effects model"
"in23","Highest qualification","geography_caterpillar",,"ITL2","Outer London - East and North East","degree_binary","1","itl2_adolescent_geo","Outer London - East and North East","quintile","5",,,"2018-2025",6.025,2.169,9.881,,"Percent","Random effect from a linear mixed-effects model"
"in23","Highest qualification","geography_caterpillar",,"ITL2","Outer London - South","degree_binary","1","itl2_adolescent_geo","Outer London - South","quintile","4",,,"2018-2025",0.527,-4.502,5.556,,"Percent","Random effect from a linear mixed-effects model"
"in23","Highest qualification","geography_caterpillar",,"ITL2","Outer London - West and North West","degree_binary","1","itl2_adolescent_geo","Outer London - West and North West","quintile","5",,,"2018-2025",11.045,6.965,15.126,,"Percent","Random effect from a linear mixed-effects model"
"in23","Highest qualification","geography_caterpillar",,"ITL2","Shropshire and Staffordshire","degree_binary","1","itl2_adolescent_geo","Shropshire and Staffordshire","quintile","4",,,"2018-2025",0.991,-3.022,5.004,,"Percent","Random effect from a linear mixed-effects model"
"in23","Highest qualification","geography_caterpillar",,"ITL2","South Yorkshire","degree_binary","1","itl2_adolescent_geo","South Yorkshire","quintile","1",,,"2018-2025",-4.587,-9.071,-0.102,,"Percent","Random effect from a linear mixed-effects model"
"in23","Highest qualification","geography_caterpillar",,"ITL2","Southern Scotland","degree_binary","1","itl2_adolescent_geo","Southern Scotland","quintile","1",,,"2018-2025",-6.62,-11.552,-1.689,,"Percent","Random effect from a linear mixed-effects model"
"in23","Highest qualification","geography_caterpillar",,"ITL2","Surrey, East and West Sussex","degree_binary","1","itl2_adolescent_geo","Surrey, East and West Sussex","quintile","4",,,"2018-2025",0.173,-3.132,3.477,,"Percent","Random effect from a linear mixed-effects model"
"in23","Highest qualification","geography_caterpillar",,"ITL2","Tees Valley and Durham","degree_binary","1","itl2_adolescent_geo","Tees Valley and Durham","quintile","4",,,"2018-2025",0.336,-4.356,5.027,,"Percent","Random effect from a linear mixed-effects model"
"in23","Highest qualification","geography_caterpillar",,"ITL2","West Central Scotland","degree_binary","1","itl2_adolescent_geo","West Central Scotland","quintile","1",,,"2018-2025",-6.019,-9.996,-2.043,,"Percent","Random effect from a linear mixed-effects model"
"in23","Highest qualification","geography_caterpillar",,"ITL2","West Midlands","degree_binary","1","itl2_adolescent_geo","West Midlands","quintile","3",,,"2018-2025",-0.971,-4.019,2.077,,"Percent","Random effect from a linear mixed-effects model"
"in23","Highest qualification","geography_caterpillar",,"ITL2","West Wales and The Valleys","degree_binary","1","itl2_adolescent_geo","West Wales and The Valleys","quintile","3",,,"2018-2025",-0.784,-4.377,2.809,,"Percent","Random effect from a linear mixed-effects model"
"in23","Highest qualification","geography_caterpillar",,"ITL2","West Yorkshire","degree_binary","1","itl2_adolescent_geo","West Yorkshire","quintile","4",,,"2018-2025",0.977,-2.587,4.54,,"Percent","Random effect from a linear mixed-effects model"
