Year,Percentage (%)
2022,15.08582047
2021,14.23314818
2020,13.93251305
2019,13.10486232
2018,12.44498701
2017,12.14524358
2016,11.97560516
2015,10.93444489
2014,9.313336679
