Year,Mathematics,,Reading,,Science,
"",UK,"International
Average
(OECD)",UK,"International
Average
(OECD)",UK,"International
Average
(OECD)"
2022,488.975085,472.3581246,494.4046261,475.5888735,499.6702139,484.6466145
2018,501.7698992,486.998322,503.9281094,485.4874063,504.6674736,486.7402743
2015,492.4785307,484.8793967,497.9719311,488.5266081,509.2215029,488.7580445
2012,493.934231,488.1641537,499.3231153,491.8212067,514.129322,496.4405107
2009,492.4140783,491.7185799,494.18201,490.3437924,513.7102399,497.7225644
2006,495.4441585,490.4076084,495.0835096,485.3536053,514.7735479,494.8049175
2003,508.2580816,499.4635249,507.012749,494.0859662,,
