Year,Trust,Fairness,Helpfulness
2020,5.701575533,6.091751622,6.039851715
2018,5.454367984,5.94045876,5.93216203
2016,5.591157205,5.922489083,5.943231441
2014,5.628827131,6.0089496,6.06029204
2012,5.508683729,5.876142596,5.8976234
2010,5.530745748,5.702573048,5.879197558
2008,5.50022553,5.830401443,5.736580965
2006,5.600972161,5.906760937,5.802474591
2004,5.343175487,5.660724234,5.761559889
2002,5.343832021,5.740682415,5.582152231
