Year,Trust,Fairness,Helpfulness
2020,5.425587467,5.912816042,5.93554007
2018,5.175079582,5.749202006,5.775250227
2016,5.324476239,5.740797546,5.806550665
2014,5.375663717,5.83998227,5.920353982
2012,5.386203866,5.786155203,5.833773087
2010,5.355693582,5.619365609,5.786278586
2008,5.268739353,5.6821871,5.620792501
2006,5.40352349,5.780201342,5.683857442
2004,5.136291601,5.545937334,5.666313559
2002,5.047340166,5.545454545,5.424731183
