Socio-economic background,Lower level (below CSE grade 1) (%),"O level, GCSE and equivalent (%)",A level and equivalent (%),Further education below degree (%),First degree (%),Higher degree (%)
Higher professional,2.601538092,4.343095799,13.99952584,4.945536741,52.52749144,21.58281208
Lower professional,4.677549739,10.19546493,19.49851409,4.682638457,37.52478933,23.42104345
Intermediate,8.240582003,12.40240894,23.00487845,7.891827199,31.65582076,16.59628838
Higher working,10.5406786,17.98031626,24.28547104,6.754452681,28.59932117,11.83976025
Lower working,18.72137732,21.50114639,24.41974592,5.801454659,21.81692152,7.35979209
All backgrounds,9.473723298,13.32068849,21.75900319,5.972980189,33.33447997,15.95261874
