Year,Lower working (%),Higher working (%),Intermediate (%),Lower professional (%),Higher professional (%)
2022,16.6464875,16.11395372,20.8297364,28.29978478,18.11003759
2021,15.71036801,17.44658027,22.9200518,27.02164709,16.90135283
2020,12.74528661,20.43943282,22.11700335,30.45473037,14.24354685
2019,13.00701373,23.51807234,21.42327897,28.23849937,13.81313559
2018,13.75921402,22.8940639,22.64434157,27.44911075,13.25326975
2017,14.87363846,24.70884496,22.70433345,26.78631696,10.92686616
2016,14.26399314,25.81548119,22.40150841,25.97333079,11.54568648
2015,15.37428107,24.42728003,22.58443424,26.47413562,11.13986905
2014,15.51464135,25.05638427,21.62129832,27.27553117,10.53214489
