Year,Median hourly pay (£)
2023,13.46489114
2022,13.32
2021,13.58324373
2020,13.56593205
2019,13.27959184
2018,12.86849057
2017,12.64319498
2016,12.58688119
2015,12.15845
2014,11.97740964
2013,12.05
2012,12.05
2011,12.19161325
2010,12.9326859
2009,13.39345848
2008,13.32209977
2007,13.4242497
2006,13.32309582
2005,13.24892947
2004,13.25809769
2003,13.14973924
2002,13.03692206
2001,12.71226542
2000,12.24700272
1999,11.90061983
1998,11.59368864
1997,11.327
