Socio-economic background,Disabled (£),Not disabled (£)
Higher professional,14.74463854,17.85806649
Lower professional,14.09135898,16.22191682
Intermediate,14.25794061,14.22256981
Higher working,11.65601908,13.61032974
Lower working,11.45431871,12.3653846
