Socio-economic background,Men (£),Women (£)
Higher professional,18.20304906,16.80098041
Lower professional,16.8794287,15.1072884
Intermediate,14.86865052,13.50595205
Higher working,14.06596726,12.66721648
Lower working,13.0891194,11.32824727
