Year,Ratio (relative to 2014)
2019,2.988828267
2018,2.345024682
2017,2.159002338
2016,1.703819174
2015,1.178228111
2014,1
